TRNDTE,A/P Vendor Number,A/P Vendors Name,A/P Invoice         Number,Receiving           Report Number,P/O Number,Variance            Reason              Code,Quantity @          Stocking UOM,Unit Price @        Pricing UOM,Matched Line        Extended Amount,Qty Rcvd            This Rcvr           Per Stckd UOM,P/O Receiver        Item Unit Cost Amt  @ Stk UOM,Receiving Line      Item Extended Amount,DIFF
260102,26321,Owens Corning Sales LLC,             940337125,2018122,1091703,P,640,35.3764,22640.9,640,35.37,22636.8,4.1
260105,20527,FIELD CONTROLS LLC,       INVWHL000060336,2018176,1092622,P,208,85,17680,208,84.999,17679.79,0.21
260108,14171,Southwark Metal Mfg Co,                634955,2018802,1094008,,4,3.53,14.12,4,3.53,14.12,0
260108,14171,Southwark Metal Mfg Co,                634955,2018802,1094008,,8,10.15,81.2,8,10.15,81.2,0
260108,14171,Southwark Metal Mfg Co,                634955,2018802,1094008,,1,5.78,5.78,1,5.78,5.78,0
260108,14171,Southwark Metal Mfg Co,                634955,2018802,1094008,,2,5.21,10.42,2,5.21,10.42,0
260108,14171,Southwark Metal Mfg Co,                634955,2018802,1094008,,2,14.02,28.04,2,14.02,28.04,0
260108,26895,Tradewinds Distributing Co LLC,               GJ96227,2018811,1094273,P,1,1.38,1.38,1,1.86,1.86,-0.48
260108,26895,Tradewinds Distributing Co LLC,               GJ96227,2018811,1094273,,1,19.63,19.63,1,19.63,19.63,0
260109,10223,ATCO Rubber Products Inc,            2612558653,2018988,1093033,,6,80.75,484.5,6,80.75,484.5,0
260109,10223,ATCO Rubber Products Inc,            2612558653,2018988,1093033,,6,112.56,675.36,6,112.56,675.36,0
260109,10223,ATCO Rubber Products Inc,            2612558653,2018988,1093033,,4,135.02,540.08,4,135.02,540.08,0
260109,20527,FIELD CONTROLS LLC,       INVWHL000060606,2019314,1094455,P,4,42.99,171.96,4,42.999,172,-0.04
260109,26321,Owens Corning Sales LLC,             940345879,2019266,1093599,,640,37.499,23999.36,640,37.499,23999.36,0
260112,14141,GOODMAN MFG CO LP (PARTS),                410332,2018625,1093636,,1,22.05,22.05,1,22.05,22.05,0
260112,14141,GOODMAN MFG CO LP (PARTS),                410332,2018625,1093636,P,1,6.09,6.09,1,5.8,5.8,0.29
260112,14141,GOODMAN MFG CO LP (PARTS),                414367,2019130,1094016,,1,40.23,40.23,1,40.23,40.23,0
260112,14141,GOODMAN MFG CO LP (PARTS),                414367,2019130,1094016,P,1,13.22,13.22,1,14.15,14.15,-0.93
260112,14141,GOODMAN MFG CO LP (PARTS),                414384,2019137,1094254,P,1,34.56,34.56,1,34.55,34.55,0.01
260112,14141,GOODMAN MFG CO LP (PARTS),                415777,2019140,1094087,P,1,10.4,10.4,1,10.25,10.25,0.15
260113,14141,GOODMAN MFG CO LP (PARTS),                414380,2019135,1094228,,1,12.22,12.22,1,12.22,12.22,0
260113,14141,GOODMAN MFG CO LP (PARTS),                414380,2019135,1094228,P,1,1.5,1.5,1,1.58,1.58,-0.08
260113,14141,GOODMAN MFG CO LP (PARTS),                414380,2019135,1094228,,1,2.68,2.68,1,2.68,2.68,0
260113,14141,GOODMAN MFG CO LP (PARTS),                414380,2019135,1094228,,1,2.68,2.68,1,2.68,2.68,0
260113,14141,GOODMAN MFG CO LP (PARTS),                414380,2019135,1094228,P,1,1.41,1.41,1,1.4,1.4,0.01
260113,20901,BROAN MANUFACTURING COMPANY,               9834983,2013929,1088451,P,4,181.58,726.32,4,53.32,213.28,513.04
260113,20901,BROAN MANUFACTURING COMPANY,               9834983,2013929,1088451,P,3,53.32,159.96,3,181.58,544.74,-384.78
260113,20901,BROAN MANUFACTURING COMPANY,               9834983,2013929,1088451,,4,808.08,3232.32,4,808.08,3232.32,0
260114,17361,RESEARCH PRODUCTS CORP,              12091196,2019227,1094235,P,1,47.56,47.56,1,47.77,47.77,-0.21
260114,26620,C L Ward & Family Inc,                116713,2020097,1094605,P,50,17.688,884.4,50,17.69,884.5,-0.1
260115,20463,DuraVent Inc,              90951687,2020293,1092356,,6,33.57,201.42,6,33.57,201.42,0
260115,20463,DuraVent Inc,              90951687,2020293,1092356,,6,14.37,86.22,6,14.37,86.22,0
260115,20463,DuraVent Inc,              90951687,2020293,1092356,,2,104.66,209.32,2,104.66,209.32,0
260115,20463,DuraVent Inc,              90951687,2020293,1092356,,2,16.03,32.06,2,16.03,32.06,0
260115,20463,DuraVent Inc,              90951687,2020293,1092356,,2,2.15,4.3,2,2.15,4.3,0
260116,26910,Goodman Manufacturing Co LP,                424230,2020550,1094827,P,1,192,192,1,201.6012,201.6,-9.6
260120,14141,GOODMAN MFG CO LP (PARTS),                421762,2020020,1094922,P,1,98.06,98.06,1,98.02,98.02,0.04
260120,14141,GOODMAN MFG CO LP (PARTS),                422407,2020405,1094686,P,1,7.78,7.78,1,6.83,6.83,0.95
260120,14141,GOODMAN MFG CO LP (PARTS),                424243,2020557,1094972,P,1,1.5,1.5,1,1.05,1.05,0.45
260120,14141,GOODMAN MFG CO LP (PARTS),                425191,2020565,1095153,P,1,9.59,9.59,1,9.58,9.58,0.01
260120,15274,LLOYD INDUSTRIES INC,              569331FL,2021346,1091815,,4,361.4,1445.6,4,361.4,1445.6,0
260120,15274,LLOYD INDUSTRIES INC,              569331FL,2021346,1091815,P,4,43.0575,172.23,4,43.06,172.24,-0.01
260120,15871,METAL FAB INC,                964122,2021327,1095008,P,1,257.14,257.14,1,257.11,257.11,0.03
260120,15871,METAL FAB INC,                964122,2021327,1095008,,1,114.26,114.26,1,114.26,114.26,0
260120,15871,METAL FAB INC,                964122,2021327,1095008,P,1,47.11,47.11,1,57.11,57.11,-10
260120,22389,GOODMAN CO LP (PTAC),                428034,2021204,1092599,,16,102.08,1633.28,16,102.08,1633.28,0
260122,14141,GOODMAN MFG CO LP (PARTS),                389749,2021806,1091877,P,1,244.83,244.83,1,261.97,261.97,-17.14
260122,14141,GOODMAN MFG CO LP (PARTS),                389749,2021806,1091877,,1,218.66,218.66,1,218.66,218.66,0
260122,14141,GOODMAN MFG CO LP (PARTS),                389749,2021806,1091877,,1,10.46,10.46,1,10.46,10.46,0
260122,26895,Tradewinds Distributing Co LLC,               GK64732,2021653,1094828,P,1,3.57,3.57,1,3.38,3.38,0.19
260123,14141,GOODMAN MFG CO LP (PARTS),                394085,2020786,1091851,P,1,120.41,120.41,1,76.02,76.02,44.39
260123,14141,GOODMAN MFG CO LP (PARTS),                394085,2020786,1091851,,1,66.62,66.62,1,66.62,66.62,0
260123,17361,RESEARCH PRODUCTS CORP,              12094632,2021523,1094837,,20,59.63,1192.6,20,59.63,1192.6,0
260123,17361,RESEARCH PRODUCTS CORP,              12094632,2021523,1094837,,10,108.08,1080.8,10,108.08,1080.8,0
260123,26620,C L Ward & Family Inc,                116780,2020726,1094533,,2,260.56,521.12,2,260.56,521.12,0
260123,26620,C L Ward & Family Inc,                116780,2020726,1094533,,150,14.03,2104.5,150,14.03,2104.5,0
260123,26620,C L Ward & Family Inc,                116780,2020726,1094533,,40,20.01,800.4,40,20.01,800.4,0
260126,14141,GOODMAN MFG CO LP (PARTS),                435411,2022253,1096275,P,1,12.36,12.36,1,11.39,11.39,0.97
260127,10631,FLEXIBLE TECHNOLOGIES,               1128910,2022006,1095459,,150,23.74,3561,150,23.74,3561,0
260127,10631,FLEXIBLE TECHNOLOGIES,               1128910,2022006,1095459,,54,50.422,2722.79,54,50.422,2722.79,0
260127,10631,FLEXIBLE TECHNOLOGIES,               1128910,2022006,1095459,P,54,61.351,3312.95,54,61.35,3312.9,0.05
260127,24298,do not use see #029994,              91183225,2022465,1094991,,1,544.18,544.18,1,544.18,544.18,0
260127,24298,do not use see #029994,              91183225,2022465,1094991,P,1,78.2,78.2,1,79.2,79.2,-1
260127,26895,Tradewinds Distributing Co LLC,               GK88090,2022386,1096570,,2,0.38,0.76,2,0.38,0.76,0
260127,26895,Tradewinds Distributing Co LLC,               GK88090,2022386,1096570,P,1,12.25,12.25,1,12.75,12.75,-0.5
260129,11551,CAMBRIDGE-LEE INDUSTRIES INC,             903442431,2022759,1095551,,66,181.1099,11953.25,66,181.1099,11953.25,0
260129,14141,GOODMAN MFG CO LP (PARTS),                809401,2023136,1060916,P,1,10.46,10.46,1,11.38,11.38,-0.92
260130,17361,RESEARCH PRODUCTS CORP,              12097646,2021004,1095618,P,1,240.38,240.38,1,240.88,240.88,-0.5
260130,26620,C L Ward & Family Inc,                117004,2023533,1096415,,80,17.69,1415.2,80,17.69,1415.2,0
260202,10631,FLEXIBLE TECHNOLOGIES,               1128855,2023873,1095457,,120,16.802,2016.24,120,16.802,2016.24,0
260202,10631,FLEXIBLE TECHNOLOGIES,               1128855,2023873,1095457,,150,23.74,3561,150,23.74,3561,0
260202,10631,FLEXIBLE TECHNOLOGIES,               1128855,2023873,1095457,,144,27.322,3934.37,144,27.322,3934.37,0
260202,10631,FLEXIBLE TECHNOLOGIES,               1128855,2023873,1095457,,96,30.532,2931.07,96,30.532,2931.07,0
260202,10631,FLEXIBLE TECHNOLOGIES,               1128855,2023873,1095457,,108,33.525,3620.7,108,33.525,3620.7,0
260202,10631,FLEXIBLE TECHNOLOGIES,               1128855,2023873,1095457,,27,40.567,1095.31,27,40.567,1095.31,0
260202,10631,FLEXIBLE TECHNOLOGIES,               1128855,2023873,1095457,,81,41.293,3344.73,81,41.293,3344.73,0
260202,10631,FLEXIBLE TECHNOLOGIES,               1128855,2023873,1095457,,81,50.422,4084.18,81,50.422,4084.18,0
260202,10631,FLEXIBLE TECHNOLOGIES,               1128855,2023873,1095457,,54,61.351,3312.95,54,61.351,3312.95,0
260202,10631,FLEXIBLE TECHNOLOGIES,               1128855,2023873,1095457,P,24,71.826,1723.82,24,71.82,1723.68,0.14
260203,14141,GOODMAN MFG CO LP (PARTS),                410340,2018628,1094127,,1,335.515,335.52,1,335.515,335.52,0
260203,14141,GOODMAN MFG CO LP (PARTS),                445444,2023414,1097078,P,1,27.7,27.7,1,26.88,26.88,0.82
260203,14141,GOODMAN MFG CO LP (PARTS),                445444,2023414,1097078,,1,61.49,61.49,1,61.49,61.49,0
260203,14141,GOODMAN MFG CO LP (PARTS),                445448,2023415,1097256,P,1,14.5,14.5,1,14.65,14.65,-0.15
260203,14141,GOODMAN MFG CO LP (PARTS),                447814,2023764,1096933,,1,12.22,12.22,1,12.22,12.22,0
260203,14141,GOODMAN MFG CO LP (PARTS),                447814,2023764,1096933,,1,1.5,1.5,1,1.5,1.5,0
260203,14141,GOODMAN MFG CO LP (PARTS),                447814,2023764,1096933,,1,2.68,2.68,1,2.68,2.68,0
260203,14141,GOODMAN MFG CO LP (PARTS),                447814,2023764,1096933,,1,2.68,2.68,1,2.68,2.68,0
260203,14141,GOODMAN MFG CO LP (PARTS),                447814,2023764,1096933,P,1,1.41,1.41,1,1.4,1.4,0.01
260203,14141,GOODMAN MFG CO LP (PARTS),                449172,2024007,1097069,P,1,10.84,10.84,1,10.83,10.83,0.01
260203,26895,Tradewinds Distributing Co LLC,               GL27549,2023924,1097688,P,1,82.24,82.24,1,82.84,82.84,-0.6
260205,18151,STERLING,             002004362,2022463,1096428,P,1,67.8,67.8,1,61.8,61.8,6
260205,20527,FIELD CONTROLS LLC,       INVWHL000061683,2024690,1097963,P,270,25,6750,270,24.999,6749.73,0.27
260210,14141,GOODMAN MFG CO LP (PARTS),                406853,2025905,1093466,,1,117.68,117.68,1,117.68,117.68,0
260211,14141,GOODMAN MFG CO LP (PARTS),                450995,2024234,1097276,,1,200.68,200.68,1,200.68,200.68,0
260211,14141,GOODMAN MFG CO LP (PARTS),                450995,2024234,1097276,P,1,11.02,11.02,1,11.79,11.79,-0.77
260211,14141,GOODMAN MFG CO LP (PARTS),                451000,2024236,1097338,,1,72.99,72.99,1,72.99,72.99,0
260211,14141,GOODMAN MFG CO LP (PARTS),                451000,2024236,1097338,P,1,13.32,13.32,1,12.69,12.69,0.63
260211,14141,GOODMAN MFG CO LP (PARTS),                453386,2024588,1097995,P,1,9.59,9.59,1,9.58,9.58,0.01
260211,14141,GOODMAN MFG CO LP (PARTS),                455268,2024954,1097621,P,1,6.72,6.72,1,5.96,5.96,0.76
260211,14141,GOODMAN MFG CO LP (PARTS),                460831,2025711,1098413,P,1,7.9,7.9,1,7.42,7.42,0.48
260211,14141,GOODMAN MFG CO LP (PARTS),                460831,2025711,1098413,P,1,7.79,7.79,1,7.42,7.42,0.37
260211,14141,GOODMAN MFG CO LP (PARTS),                463134,2026105,1098005,,1,685.23,685.23,1,685.23,685.23,0
260211,14141,GOODMAN MFG CO LP (PARTS),                463134,2026105,1098005,,1,5.8,5.8,1,5.8,5.8,0
260211,14141,GOODMAN MFG CO LP (PARTS),                463134,2026105,1098005,,1,12.3,12.3,1,12.3,12.3,0
260211,14141,GOODMAN MFG CO LP (PARTS),                463134,2026105,1098005,P,1,13.32,13.32,1,12.69,12.69,0.63
260211,17361,RESEARCH PRODUCTS CORP,              12105304,2023811,1097265,P,1,47.56,47.56,1,47.77,47.77,-0.21
260212,14141,GOODMAN MFG CO LP (PARTS),                465464,2026431,1099262,P,1,27.7,27.7,1,26.88,26.88,0.82
260212,17361,RESEARCH PRODUCTS CORP,              12109153,2026210,1098088,,5,175.57,877.85,5,175.57,877.85,0
260213,14141,GOODMAN MFG CO LP (PARTS),                421761,2020019,1094816,,1,78,78,1,78,78,0
260213,14141,GOODMAN MFG CO LP (PARTS),                467859,2026831,1099345,P,1,102.09,102.09,1,102.08,102.08,0.01
260213,26891,S & P USA Ventilation Systems,                357952,2026874,1099021,P,1,205,205,1,230.01,230.01,-25.01
260213,26891,S & P USA Ventilation Systems,                357952,2026874,1099021,,1,56,56,1,56,56,0
260216,14141,GOODMAN MFG CO LP (PARTS),                470287,2027210,1098927,,1,302.44,302.44,1,302.44,302.44,0
260216,14141,GOODMAN MFG CO LP (PARTS),                470287,2027210,1098927,P,1,3.95,3.95,1,3.75,3.75,0.2
260216,14141,GOODMAN MFG CO LP (PARTS),                470287,2027210,1098927,,1,14.02,14.02,1,14.02,14.02,0
260216,14141,GOODMAN MFG CO LP (PARTS),                470287,2027210,1098927,P,1,5.67,5.67,1,4.91,4.91,0.76
260216,14141,GOODMAN MFG CO LP (PARTS),                471838,2027217,1099442,P,10,5.59,55.9,10,5.56,55.6,0.3
260217,27483,The Harris Products Group,             914440785,2025720,1098252,,50,248.28,12414,50,248.28,12414,0
260218,28279,Neuco,               9502615,2026423,1099381,P,1,42.53,42.53,1,41.7,41.7,0.83
260219,14141,GOODMAN MFG CO LP (PARTS),                473430,2027760,1099630,P,1,206.1,206.1,1,206.09,206.09,0.01
260219,14141,GOODMAN MFG CO LP (PARTS),                475120,2027767,1099709,P,1,26.57,26.57,1,25.79,25.79,0.78
260219,14141,GOODMAN MFG CO LP (PARTS),                475612,2028259,1099724,P,1,1.65,1.65,1,1.37,1.37,0.28
260219,26620,C L Ward & Family Inc,                117186,2028409,1098085,,70,17.69,1238.3,70,17.69,1238.3,0
260219,38023,HUNTER PANELS,              96551610,2028894,1099055,,288,50.56,14561.28,288,50.56,14561.28,0
260225,14141,GOODMAN MFG CO LP (PARTS),                486589,2030170,1100460,,1,2131.89,2131.89,1,2131.89,2131.89,0
260225,14141,GOODMAN MFG CO LP (PARTS),                486589,2030170,1100460,P,1,15.75,15.75,1,15.7,15.7,0.05
260225,26620,C L Ward & Family Inc,                117277,2029943,1100137,,1,27.58,27.58,1,27.58,27.58,0
260225,26620,C L Ward & Family Inc,                117277,2029943,1100137,,1,27.58,27.58,1,27.58,27.58,0
260225,26620,C L Ward & Family Inc,                117277,2029943,1100137,,1,31.45,31.45,1,31.45,31.45,0
260225,26620,C L Ward & Family Inc,                117277,2029943,1100137,,1,29.3,29.3,1,29.3,29.3,0
260225,31821,GAS FIRED PRODUCTS INC,              00208276,2030181,1096462,P,1,324,324,1,325,325,-1
260226,14401,HART & COOLEY MFG CO,               4739939,2028695,1099508,P,4,115.73,462.92,4,114.61,458.44,4.48
260226,17361,RESEARCH PRODUCTS CORP,              12117208,2030247,1100301,,3,252.11,756.33,3,252.11,756.33,0
260226,17361,RESEARCH PRODUCTS CORP,              12117208,2030247,1100301,,4,176.01,704.04,4,176.01,704.04,0
260226,17361,RESEARCH PRODUCTS CORP,              12117208,2030247,1100301,,1,158.42,158.42,1,158.42,158.42,0
260226,17361,RESEARCH PRODUCTS CORP,              12117208,2030247,1100301,,2,180.08,360.16,2,180.08,360.16,0
260226,17361,RESEARCH PRODUCTS CORP,              12117208,2030247,1100301,,1,158.42,158.42,1,158.42,158.42,0
260226,26321,Owens Corning Sales LLC,             940366334,2030833,1095686,,24,222.16,5331.84,24,222.16,5331.84,0
260226,26321,Owens Corning Sales LLC,             940366334,2030833,1095686,,12,169.04,2028.48,12,169.04,2028.48,0
260226,26321,Owens Corning Sales LLC,             940374390,2030836,1097288,,64,96.1,6150.4,64,96.1,6150.4,0
260226,26321,Owens Corning Sales LLC,             940374390,2030836,1097288,,120,149.74,17968.8,120,149.74,17968.8,0
260226,26321,Owens Corning Sales LLC,             940374390,2030836,1097288,,80,203.38,16270.4,80,203.38,16270.4,0
260227,14141,GOODMAN MFG CO LP (PARTS),                483723,2029498,1100414,P,1,3.55,3.55,1,3.92,3.92,-0.37
260227,14141,GOODMAN MFG CO LP (PARTS),                491186,2030968,1100992,,1,14.02,14.02,1,14.02,14.02,0
260227,14141,GOODMAN MFG CO LP (PARTS),                491186,2030968,1100992,P,1,3.95,3.95,1,3.75,3.75,0.2
260227,14141,GOODMAN MFG CO LP (PARTS),                491186,2030968,1100992,P,1,5.67,5.67,1,4.91,4.91,0.76
260227,26321,Owens Corning Sales LLC,             940379901,2030838,1097192,,120,54.84,6580.8,120,54.84,6580.8,0
260227,26321,Owens Corning Sales LLC,             940379901,2030838,1097192,,144,27.3,3931.2,144,27.3,3931.2,0
260227,26321,Owens Corning Sales LLC,             940379901,2030838,1097192,,384,29.36,11274.24,384,29.36,11274.24,0
260227,26321,Owens Corning Sales LLC,             940387008,2030840,1099388,,512,29.355,15029.76,512,29.355,15029.76,0
260227,26321,Owens Corning Sales LLC,             940387008,2030840,1099388,,96,54.837,5264.35,96,54.837,5264.35,0
260305,17361,RESEARCH PRODUCTS CORP,              12123839,2031897,1101611,,100,13.52,1352,100,13.52,1352,0
260305,26620,C L Ward & Family Inc,                117419,2031617,1099112,,2,87.32,174.64,2,87.32,174.64,0
260305,26620,C L Ward & Family Inc,                117419,2031617,1099112,,1,76.48,76.48,1,76.48,76.48,0
260305,26620,C L Ward & Family Inc,                117419,2031617,1099112,,1,76.48,76.48,1,76.48,76.48,0
260305,26620,C L Ward & Family Inc,                117419,2031617,1099112,,2,56.952,113.9,2,56.952,113.9,0
260305,26620,C L Ward & Family Inc,                117419,2031617,1099112,,1,56.952,56.95,1,56.952,56.95,0
260305,26620,C L Ward & Family Inc,                117419,2031617,1099112,,1,45,45,1,45,45,0
260305,26620,C L Ward & Family Inc,                117446,2032201,1100437,,1,20.57,20.57,1,20.57,20.57,0
260305,26620,C L Ward & Family Inc,                117446,2032201,1100437,,1,29.08,29.08,1,29.08,29.08,0
260309,15274,LLOYD INDUSTRIES INC,              570992FL,2032938,1100513,,24,66.41,1593.84,24,66.41,1593.84,0
260310,14141,GOODMAN MFG CO LP (PARTS),                501409,2032485,1098797,P,1,3.71,3.71,1,3.47,3.47,0.24
260310,14141,GOODMAN MFG CO LP (PARTS),                501438,2032489,1101683,P,1,2.58,2.58,1,2.45,2.45,0.13
260310,14141,GOODMAN MFG CO LP (PARTS),                503582,2032794,1100039,P,1,139.95,139.95,1,139.2,139.2,0.75
260310,14141,GOODMAN MFG CO LP (PARTS),                508392,2033098,1101973,P,5,1.42,7.1,5,1.35,6.75,0.35
260310,15861,MCDANIEL METALS INC,              00339362,2033133,1100787,P,1,235.8,235.8,1,286.03,286.03,-50.23
260311,14141,GOODMAN MFG CO LP (PARTS),                509229,2033415,1102599,P,1,657.77,657.77,1,626.45,626.45,31.32
260311,26620,C L Ward & Family Inc,                117582,2033279,1100913,P,47,71.625,3366.38,47,71.63,3366.61,-0.23
260312,14141,GOODMAN MFG CO LP (PARTS),                512026,2033712,1102230,P,10,0.25,2.5,10,0.24,2.4,0.1
260312,15861,MCDANIEL METALS INC,              00339527,2033820,1098883,P,2,129.87,259.74,2,148.51,297.02,-37.28
260312,26321,Owens Corning Sales LLC,             940407973,2033776,1101642,,448,29.355,13151.04,448,29.355,13151.04,0
260312,26321,Owens Corning Sales LLC,             940407973,2033776,1101642,,96,54.837,5264.35,96,54.837,5264.35,0
260313,10631,FLEXIBLE TECHNOLOGIES,               1130996,2033448,1102102,,48,44.3055,2126.66,48,44.3055,2126.66,0
260313,10631,FLEXIBLE TECHNOLOGIES,               1130996,2033448,1102102,,50,33.2942,1664.71,50,33.2942,1664.71,0
260313,10631,FLEXIBLE TECHNOLOGIES,               1130996,2033448,1102102,,27,76.98,2078.46,27,76.98,2078.46,0
260313,10631,FLEXIBLE TECHNOLOGIES,               1130996,2033448,1102102,,18,81.7397,1471.31,18,81.7397,1471.31,0
260313,10631,FLEXIBLE TECHNOLOGIES,               1130996,2033448,1102102,,27,58.9481,1591.6,27,58.9481,1591.6,0
260313,10631,FLEXIBLE TECHNOLOGIES,               1130996,2033448,1102102,,8,98.4676,787.74,8,98.4676,787.74,0
260313,10631,FLEXIBLE TECHNOLOGIES,               1131048,2033775,1102102,,36,47.8107,1721.19,36,47.8107,1721.19,0
260313,10631,FLEXIBLE TECHNOLOGIES,               1131048,2033775,1102102,,48,40.1753,1928.41,48,40.1753,1928.41,0
260316,14141,GOODMAN MFG CO LP (PARTS),                514313,2033972,1102596,P,1,475.47,475.47,1,474.82,474.82,0.65
260316,14141,GOODMAN MFG CO LP (PARTS),                516595,2034255,1102821,P,1,13.45,13.45,1,12.8,12.8,0.65
260316,14141,GOODMAN MFG CO LP (PARTS),                518659,2034340,1093748,P,1,0.75,0.75,1,0.67,0.67,0.08
260316,28279,Neuco,               9591303,2034242,1103103,,1,22.91,22.91,1,22.91,22.91,0
260316,28279,Neuco,               9591303,2034242,1103103,,1,11.36,11.36,1,11.36,11.36,0
260318,26321,Owens Corning Sales LLC,             940414752,2035122,1102634,,448,29.355,13151.04,448,29.355,13151.04,0
260318,26321,Owens Corning Sales LLC,             940414752,2035122,1102634,,96,54.84,5264.64,96,54.84,5264.64,0
260319,14141,GOODMAN MFG CO LP (PARTS),                516565,2034245,1101683,P,1,3.12,3.12,1,2.97,2.97,0.15
260319,14141,GOODMAN MFG CO LP (PARTS),                520036,2034609,1102480,P,1,226.13,226.13,1,202.97,202.97,23.16
260319,14141,GOODMAN MFG CO LP (PARTS),                524491,2035390,1103306,P,1,6.59,6.59,1,5.7,5.7,0.89
260319,26321,Owens Corning Sales LLC,             940414749,2035121,1102631,,16,222.16,3554.56,16,222.16,3554.56,0
260320,14141,GOODMAN MFG CO LP (PARTS),                467839,2035943,1098904,,1,227.51,227.51,1,227.51,227.51,0
260320,15243,LAMBRO INDUSTRIES,            INV0171614,2035678,1102378,,15,15.971,239.57,15,15.971,239.57,0
260320,15243,LAMBRO INDUSTRIES,            INV0171614,2035678,1102378,,160,2.8102,449.63,160,2.8102,449.63,0
260320,15243,LAMBRO INDUSTRIES,            INV0171614,2035678,1102378,,160,2.8102,449.63,160,2.8102,449.63,0
260320,15243,LAMBRO INDUSTRIES,            INV0171614,2035678,1102378,,72,2.5306,182.2,72,2.5306,182.2,0
260320,15243,LAMBRO INDUSTRIES,            INV0171614,2035678,1102378,,72,2.5306,182.2,72,2.5306,182.2,0
260324,10631,FLEXIBLE TECHNOLOGIES,               1131417,2035784,1103681,,150,23.74,3561,150,23.74,3561,0
260324,10631,FLEXIBLE TECHNOLOGIES,               1131417,2035784,1103681,,96,27.322,2622.91,96,27.322,2622.91,0
260324,10631,FLEXIBLE TECHNOLOGIES,               1131417,2035784,1103681,,96,30.532,2931.07,96,30.532,2931.07,0
260324,10631,FLEXIBLE TECHNOLOGIES,               1131417,2035784,1103681,,108,33.525,3620.7,108,33.525,3620.7,0
260324,10631,FLEXIBLE TECHNOLOGIES,               1131417,2035784,1103681,P,81,41.293,3344.73,81,41.29,3344.49,0.24
260324,10631,FLEXIBLE TECHNOLOGIES,               1131417,2035784,1103681,,81,50.422,4084.18,81,50.422,4084.18,0
260324,10631,FLEXIBLE TECHNOLOGIES,               1131417,2035784,1103681,,54,61.351,3312.95,54,61.351,3312.95,0
260324,10631,FLEXIBLE TECHNOLOGIES,               1131417,2035784,1103681,,36,71.826,2585.74,36,71.826,2585.74,0
260324,10631,FLEXIBLE TECHNOLOGIES,               1131417,2035784,1103681,,240,16.802,4032.48,240,16.802,4032.48,0
260324,14141,GOODMAN MFG CO LP (PARTS),                453327,2036687,1091851,,1,120.41,120.41,1,120.41,120.41,0
260324,34249,CAMDEN YARDS STEEL NEWCO LLC,                762629,2035400,1102793,,43720,66.75,29183.1,43720,0.6675,29183.1,0
260325,14141,GOODMAN MFG CO LP (PARTS),                526519,2035757,1103853,,1,335.45,335.45,1,335.45,335.45,0
260325,14141,GOODMAN MFG CO LP (PARTS),                526519,2035757,1103853,P,1,0.17,0.17,1,0.21,0.21,-0.04
260325,14141,GOODMAN MFG CO LP (PARTS),                526519,2035757,1103853,,1,10.99,10.99,1,10.99,10.99,0
260325,14141,GOODMAN MFG CO LP (PARTS),                533787,2036749,1104030,P,1,3.23,3.23,1,2.72,2.72,0.51
260325,34249,CAMDEN YARDS STEEL NEWCO LLC,                762765,2036637,1102788,,26940,64,17241.6,26940,0.64,17241.6,0
260325,34249,CAMDEN YARDS STEEL NEWCO LLC,                762765,2036637,1102788,,17880,62,11085.6,17880,0.62,11085.6,0
260330,10631,FLEXIBLE TECHNOLOGIES,               1131812,2037734,1104748,,48,47.46,2278.08,48,47.46,2278.08,0
260330,10631,FLEXIBLE TECHNOLOGIES,               1131812,2037734,1104748,,36,51.21,1843.56,36,51.21,1843.56,0
260330,10631,FLEXIBLE TECHNOLOGIES,               1131812,2037734,1104748,,60,39.42,2365.2,60,39.42,2365.2,0
260330,10631,FLEXIBLE TECHNOLOGIES,               1131812,2037734,1104748,,48,43.04,2065.92,48,43.04,2065.92,0
260330,10631,FLEXIBLE TECHNOLOGIES,               1131812,2037734,1104748,,75,37.06,2779.5,75,37.06,2779.5,0
260330,10631,FLEXIBLE TECHNOLOGIES,               1131812,2037734,1104748,,27,76.98,2078.46,27,76.98,2078.46,0
260330,10631,FLEXIBLE TECHNOLOGIES,               1131812,2037734,1104748,,18,87.56,1576.08,18,87.56,1576.08,0
260330,10631,FLEXIBLE TECHNOLOGIES,               1131812,2037734,1104748,,27,63.15,1705.05,27,63.15,1705.05,0
260330,10631,FLEXIBLE TECHNOLOGIES,               1131812,2037734,1104748,,12,105.48,1265.76,12,105.48,1265.76,0
260331,17361,RESEARCH PRODUCTS CORP,              12127086,2036877,1102379,P,1,20.76,20.76,1,21,21,-0.24
260331,17361,RESEARCH PRODUCTS CORP,              12127086,2036877,1102379,,1,38,38,1,38,38,0
260331,17361,RESEARCH PRODUCTS CORP,              12132921,2036878,1103861,,1,38,38,1,38,38,0
260331,17361,RESEARCH PRODUCTS CORP,              12132921,2036878,1103861,P,1,20.76,20.76,1,21,21,-0.24
260401,14141,GOODMAN MFG CO LP (PARTS),                548733,2038397,1098810,P,1,3.71,3.71,1,3.47,3.47,0.24
260401,14141,GOODMAN MFG CO LP (PARTS),                548794,2038408,1105194,,1,20.88,20.88,1,20.88,20.88,0
260401,14141,GOODMAN MFG CO LP (PARTS),                548794,2038408,1105194,P,1,13.55,13.55,1,12.66,12.66,0.89
260401,20527,FIELD CONTROLS LLC,       INVWHL000063978,2038421,1102328,P,1,53.83,53.83,1,53.84,53.84,-0.01
260401,20527,FIELD CONTROLS LLC,       INVWHL000063978,2038421,1102328,,1,84.55,84.55,1,84.55,84.55,0
260402,14141,GOODMAN MFG CO LP (PARTS),                549309,2038757,1105416,,1,58.83,58.83,1,58.83,58.83,0
260402,14141,GOODMAN MFG CO LP (PARTS),                549309,2038757,1105416,P,1,0.72,0.72,1,0.69,0.69,0.03
260402,14141,GOODMAN MFG CO LP (PARTS),                549312,2038759,1105450,P,1,2.76,2.76,1,2.58,2.58,0.18
260407,14141,GOODMAN MFG CO LP (PARTS),                554696,2039490,1105729,P,1,13.63,13.63,1,12.98,12.98,0.65
260407,15274,LLOYD INDUSTRIES INC,              572059PA,2039628,1105705,P,2,21.38,42.76,2,21.45,42.9,-0.14
260408,13411,DURO DYNE CORPORATION,               1365160,2039681,1102249,,2,52.33,104.66,2,52.33,104.66,0
260408,15871,METAL FAB INC,969672,2039750,1105615,,12,35.24,422.88,12,35.24,422.88,0
260408,15871,METAL FAB INC,969672,2039750,1105615,,12,35.0871,421.05,12,35.0871,421.05,0
260408,15871,METAL FAB INC,969672,2039750,1105615,,12,31.13,373.56,12,31.13,373.56,0
260408,15871,METAL FAB INC,969672,2039750,1105615,,12,39.44,473.28,12,39.44,473.28,0
260409,14141,GOODMAN MFG CO LP (PARTS),                556958,2040016,1105732,,1,6.63,6.63,1,6.63,6.63,0
260409,14141,GOODMAN MFG CO LP (PARTS),                556966,2040020,1105822,P,1,111.87,111.87,1,106.54,106.54,5.33
260409,28279,Neuco,               9647781,2039475,1105989,P,1,97.72,97.72,1,97.32,97.32,0.4
260410,15871,METAL FAB INC,                968990,2037326,1102685,,30,159.32,4779.6,30,159.32,4779.6,0
260410,15871,METAL FAB INC,                968990,2037326,1102685,,12,142.68,1712.16,12,142.68,1712.16,0
260410,15871,METAL FAB INC,                968990,2037326,1102685,,12,123.05,1476.6,12,123.05,1476.6,0
260410,15871,METAL FAB INC,                968990,2037326,1102685,,15,153.44,2301.6,15,153.44,2301.6,0
260410,15871,METAL FAB INC,                968990,2037326,1102685,,3,299.17,897.51,3,299.17,897.51,0
260410,15871,METAL FAB INC,                968990,2037326,1102685,,3,211.35,634.05,3,211.35,634.05,0
260410,15871,METAL FAB INC,                968990,2037326,1102685,,3,87.36,262.08,3,87.36,262.08,0
260410,15871,METAL FAB INC,                968990,2037326,1102685,,3,68.98,206.94,3,68.98,206.94,0
260410,15871,METAL FAB INC,                968990,2037326,1102685,,3,83.24,249.72,3,83.24,249.72,0
260410,15871,METAL FAB INC,                968990,2037326,1102685,,17,15.44,262.48,17,15.44,262.48,0
260410,26321,Owens Corning Sales LLC,             940442117,2040201,1105911,P,640,29.355,18787.2,640,29.35,18784,3.2
260413,14141,GOODMAN MFG CO LP (PARTS),                560665,2040715,1097027,P,1,13.11,13.11,1,12.25,12.25,0.86
260413,20527,FIELD CONTROLS LLC,       INVWHL000064254,2040791,1106389,,1,1224.999,1225,1,1224.999,1225,0
260415,13411,DURO DYNE CORPORATION,               2212203,2041405,1107080,P,1,1029.77,1029.77,1,1029.777,1029.78,-0.01
260415,17361,RESEARCH PRODUCTS CORP,              12147019,2041452,1107062,,6,176.01,1056.06,6,176.01,1056.06,0
260416,14141,GOODMAN MFG CO LP (PARTS),                565489,2041126,1106768,P,1,135.58,135.58,1,135.59,135.59,-0.01
260416,20383,RAM FABRICATIONS LLC,                320731,2041635,1106708,P,1,1460.99,1460.99,1,1461,1461,-0.01
260416,26321,Owens Corning Sales LLC,             940445656,2041580,1106145,,640,29.355,18787.2,640,29.355,18787.2,0
260416,26910,Goodman Manufacturing Co LP,                567794,2041706,1106614,,1,129.25,129.25,1,129.25,129.25,0
260416,26910,Goodman Manufacturing Co LP,                567794,2041706,1106614,,1,1.28,1.28,1,1.28,1.28,0
260416,26910,Goodman Manufacturing Co LP,                567794,2041706,1106614,,1,70.42,70.42,1,70.42,70.42,0
260416,26910,Goodman Manufacturing Co LP,                567794,2041706,1106614,,1,2.34,2.34,1,2.34,2.34,0
260420,10631,FLEXIBLE TECHNOLOGIES,               1132784,2042539,1107040,,48,47.46,2278.08,48,47.46,2278.08,0
260420,10631,FLEXIBLE TECHNOLOGIES,               1132784,2042539,1107040,,48,40.1753,1928.41,48,40.1753,1928.41,0
260420,10631,FLEXIBLE TECHNOLOGIES,               1132784,2042539,1107040,,75,33.2942,2497.07,75,33.2942,2497.07,0
260420,10631,FLEXIBLE TECHNOLOGIES,               1132784,2042539,1107040,,36,47.8107,1721.19,36,47.8107,1721.19,0
260420,10631,FLEXIBLE TECHNOLOGIES,               1132784,2042539,1107040,,27,76.98,2078.46,27,76.98,2078.46,0
260420,10631,FLEXIBLE TECHNOLOGIES,               1132784,2042539,1107040,,18,81.7397,1471.31,18,81.7397,1471.31,0
260420,10631,FLEXIBLE TECHNOLOGIES,               1132784,2042539,1107040,,27,58.9481,1591.6,27,58.9481,1591.6,0
260420,10631,FLEXIBLE TECHNOLOGIES,               1132784,2042539,1107040,,12,98.4676,1181.61,12,98.4676,1181.61,0
260420,14141,GOODMAN MFG CO LP (PARTS),                573530,2042485,1107658,P,1,21.08,21.08,1,20.08,20.08,1
260420,14171,Southwark Metal Mfg Co,                725019,2042350,1106969,,72,3.06,220.32,72,3.06,220.32,0
260420,14171,Southwark Metal Mfg Co,                725019,2042350,1106969,,24,3.06,73.44,24,3.06,73.44,0
260420,14171,Southwark Metal Mfg Co,                725019,2042350,1106969,,24,3.34,80.16,24,3.34,80.16,0
260420,14171,Southwark Metal Mfg Co,                725019,2042350,1106969,,12,5.81,69.72,12,5.81,69.72,0
260420,14171,Southwark Metal Mfg Co,                725019,2042350,1106969,,12,8.92,107.04,12,8.92,107.04,0
260420,14171,Southwark Metal Mfg Co,                725019,2042350,1106969,,12,4.86,58.32,12,4.86,58.32,0
260420,14171,Southwark Metal Mfg Co,                725019,2042350,1106969,,96,2.33,223.68,96,2.33,223.68,0
260420,14171,Southwark Metal Mfg Co,                725019,2042350,1106969,,192,1.45,278.4,192,1.45,278.4,0
260420,14171,Southwark Metal Mfg Co,                725019,2042350,1106969,,192,1.44,276.48,192,1.44,276.48,0
260420,14171,Southwark Metal Mfg Co,                725019,2042350,1106969,,24,2.51,60.24,24,2.51,60.24,0
260420,14171,Southwark Metal Mfg Co,                725019,2042350,1106969,,72,2.66,191.52,72,2.66,191.52,0
260420,14171,Southwark Metal Mfg Co,                725019,2042350,1106969,,24,4.51,108.24,24,4.51,108.24,0
260420,14171,Southwark Metal Mfg Co,                725019,2042350,1106969,,25,2.57,64.25,25,2.57,64.25,0
260420,14171,Southwark Metal Mfg Co,                725019,2042350,1106969,,150,9.38,1407,150,9.38,1407,0
260420,14171,Southwark Metal Mfg Co,                725019,2042350,1106969,,12,6.64,79.68,12,6.64,79.68,0
260420,14171,Southwark Metal Mfg Co,                725019,2042350,1106969,,12,13.45,161.4,12,13.45,161.4,0
260420,14171,Southwark Metal Mfg Co,                725019,2042350,1106969,,12,13.45,161.4,12,13.45,161.4,0
260420,14171,Southwark Metal Mfg Co,                725019,2042350,1106969,,48,3.19,153.12,48,3.19,153.12,0
260420,14171,Southwark Metal Mfg Co,                725019,2042350,1106969,,24,2.95,70.8,24,2.95,70.8,0
260420,14171,Southwark Metal Mfg Co,                725019,2042350,1106969,,12,2.12,25.44,12,2.12,25.44,0
260420,14171,Southwark Metal Mfg Co,                725019,2042350,1106969,,50,2.12,106,50,2.12,106,0
260420,14171,Southwark Metal Mfg Co,                725019,2042350,1106969,,50,2.29,114.5,50,2.29,114.5,0
260420,14171,Southwark Metal Mfg Co,                725019,2042350,1106969,,12,1,12,12,1,12,0
260420,14171,Southwark Metal Mfg Co,                725019,2042350,1106969,,20,4.88,97.6,20,4.88,97.6,0
260420,14171,Southwark Metal Mfg Co,                725019,2042350,1106969,,30,8.04,241.2,30,8.04,241.2,0
260420,14171,Southwark Metal Mfg Co,                725019,2042350,1106969,,300,0.41,123,300,0.41,123,0
260420,14171,Southwark Metal Mfg Co,                725019,2042350,1106969,,100,0.48,48,100,0.48,48,0
260420,14171,Southwark Metal Mfg Co,                725019,2042350,1106969,,100,0.59,59,100,0.59,59,0
260420,14171,Southwark Metal Mfg Co,                725019,2042350,1106969,,100,0.67,67,100,0.67,67,0
260420,14171,Southwark Metal Mfg Co,                725019,2042350,1106969,,400,0.84,336,400,0.84,336,0
260420,14171,Southwark Metal Mfg Co,                725019,2042350,1106969,,400,0.36,144,400,0.36,144,0
260420,14171,Southwark Metal Mfg Co,                725019,2042350,1106969,,400,0.74,296,400,0.74,296,0
260420,14171,Southwark Metal Mfg Co,                725019,2042350,1106969,,10,8.93,89.3,10,8.93,89.3,0
260420,14171,Southwark Metal Mfg Co,                725019,2042350,1106969,P,12,5.86,70.32,12,5.85,70.2,0.12
260420,14171,Southwark Metal Mfg Co,                725019,2042350,1106969,,12,4.76,57.12,12,4.76,57.12,0
260421,14141,GOODMAN MFG CO LP (PARTS),                569804,2042100,1107197,P,1,1.24,1.24,1,1.3,1.3,-0.06
260421,14141,GOODMAN MFG CO LP (PARTS),                569804,2042100,1107197,,1,4.29,4.29,1,4.29,4.29,0
260421,14141,GOODMAN MFG CO LP (PARTS),                569804,2042100,1107197,,2,3.05,6.1,2,3.05,6.1,0
260421,14141,GOODMAN MFG CO LP (PARTS),                569804,2042100,1107197,,1,22.51,22.51,1,22.51,22.51,0
260421,14141,GOODMAN MFG CO LP (PARTS),                571964,2042459,1098872,P,1,8.54,8.54,1,7.98,7.98,0.56
260421,14141,GOODMAN MFG CO LP (PARTS),                571979,2042463,1101857,P,1,5.02,5.02,1,4.78,4.78,0.24
260421,14141,GOODMAN MFG CO LP (PARTS),                573523,2042480,1107099,,1,18.38,18.38,1,18.38,18.38,0
260421,14141,GOODMAN MFG CO LP (PARTS),                573523,2042480,1107099,,1,5.31,5.31,1,5.31,5.31,0
260421,14141,GOODMAN MFG CO LP (PARTS),                573523,2042480,1107099,,1,21.18,21.18,1,21.18,21.18,0
260421,14141,GOODMAN MFG CO LP (PARTS),                573523,2042480,1107099,P,5,16.83,84.15,5,16.88,84.4,-0.25
260421,14141,GOODMAN MFG CO LP (PARTS),                575786,2042857,1098217,P,1,5.67,5.67,1,5.3,5.3,0.37
260423,14141,GOODMAN MFG CO LP (PARTS),                576647,2043389,1107733,,1,503.29,503.29,1,503.29,503.29,0
260423,14141,GOODMAN MFG CO LP (PARTS),                576647,2043389,1107733,P,1,6.33,6.33,1,6.03,6.03,0.3
260423,14141,GOODMAN MFG CO LP (PARTS),                579240,2044043,1108095,P,1,8.78,8.78,1,7.82,7.82,0.96
260423,14141,GOODMAN MFG CO LP (PARTS),                579249,2044046,1108167,P,1,657.77,657.77,1,626.45,626.45,31.32
260423,29915,FIELDPIECE INSTRUMENTS INC,          PS-INV284820,2044093,1107082,,8,531.78,4254.24,8,531.78,4254.24,0
260423,29915,FIELDPIECE INSTRUMENTS INC,          PS-INV284820,2044093,1107082,,8,153,1224,8,153,1224,0
260423,29915,FIELDPIECE INSTRUMENTS INC,          PS-INV284820,2044093,1107082,,8,104.87,838.96,8,104.87,838.96,0
260423,29915,FIELDPIECE INSTRUMENTS INC,          PS-INV284820,2044093,1107082,,2,108.3,216.6,2,108.3,216.6,0
260429,10631,FLEXIBLE TECHNOLOGIES,               1133206,2045416,1108174,,64,25.909,1658.18,64,25.909,1658.18,0
260429,10631,FLEXIBLE TECHNOLOGIES,               1133206,2045416,1108174,,96,27.322,2622.91,96,27.322,2622.91,0
260429,10631,FLEXIBLE TECHNOLOGIES,               1133206,2045416,1108174,P,96,30.532,2931.07,96,30.53,2930.88,0.19
260429,10631,FLEXIBLE TECHNOLOGIES,               1133206,2045416,1108174,,72,33.525,2413.8,72,33.525,2413.8,0
260429,10631,FLEXIBLE TECHNOLOGIES,               1133206,2045416,1108174,P,27,40.567,1095.31,27,40.56,1095.12,0.19
260429,10631,FLEXIBLE TECHNOLOGIES,               1133206,2045416,1108174,,54,41.293,2229.82,54,41.293,2229.82,0
260429,10631,FLEXIBLE TECHNOLOGIES,               1133206,2045416,1108174,,54,50.422,2722.79,54,50.422,2722.79,0
260429,10631,FLEXIBLE TECHNOLOGIES,               1133206,2045416,1108174,,36,61.351,2208.64,36,61.351,2208.64,0
260429,10631,FLEXIBLE TECHNOLOGIES,               1133206,2045416,1108174,,24,71.826,1723.82,24,71.826,1723.82,0
260429,10631,FLEXIBLE TECHNOLOGIES,               1133206,2045416,1108174,,240,16.802,4032.48,240,16.802,4032.48,0
260429,14141,GOODMAN MFG CO LP (PARTS),                590617,2045933,1109145,P,1,13.45,13.45,1,12.8,12.8,0.65
260430,10223,ATCO Rubber Products Inc,            2612617593,2046672,1108413,,2,80.75,161.5,2,80.75,161.5,0
260430,10223,ATCO Rubber Products Inc,            2612617593,2046672,1108413,,2,100.88,201.76,2,100.88,201.76,0
260430,10631,FLEXIBLE TECHNOLOGIES,               1133262,2045954,1108175,P,64,25.909,1658.18,64,25.9,1657.6,0.58
260430,10631,FLEXIBLE TECHNOLOGIES,               1133262,2045954,1108175,,150,23.74,3561,150,23.74,3561,0
260430,10631,FLEXIBLE TECHNOLOGIES,               1133262,2045954,1108175,,96,27.322,2622.91,96,27.322,2622.91,0
260430,10631,FLEXIBLE TECHNOLOGIES,               1133262,2045954,1108175,,96,30.532,2931.07,96,30.532,2931.07,0
260430,10631,FLEXIBLE TECHNOLOGIES,               1133262,2045954,1108175,,72,33.525,2413.8,72,33.525,2413.8,0
260430,10631,FLEXIBLE TECHNOLOGIES,               1133262,2045954,1108175,,27,40.567,1095.31,27,40.567,1095.31,0
260430,10631,FLEXIBLE TECHNOLOGIES,               1133262,2045954,1108175,,54,41.293,2229.82,54,41.293,2229.82,0
260430,10631,FLEXIBLE TECHNOLOGIES,               1133262,2045954,1108175,,54,50.422,2722.79,54,50.422,2722.79,0
260430,10631,FLEXIBLE TECHNOLOGIES,               1133262,2045954,1108175,,36,61.351,2208.64,36,61.351,2208.64,0
260430,10631,FLEXIBLE TECHNOLOGIES,               1133262,2045954,1108175,,120,16.802,2016.24,120,16.802,2016.24,0
260504,10631,FLEXIBLE TECHNOLOGIES,               1133481,2047206,1108985,,4,84.82,339.28,4,84.82,339.28,0
260504,14141,GOODMAN MFG CO LP (PARTS),                567817,2047329,1107019,,1,6.84,6.84,1,6.84,6.84,0
260504,14141,GOODMAN MFG CO LP (PARTS),                567817,2047329,1107019,,1,171.32,171.32,1,171.32,171.32,0
260504,14141,GOODMAN MFG CO LP (PARTS),                567817,2047329,1107019,,1,9.5,9.5,1,9.5,9.5,0
260504,14141,GOODMAN MFG CO LP (PARTS),                567817,2047329,1107019,,1,10.24,10.24,1,10.24,10.24,0
260504,14141,GOODMAN MFG CO LP (PARTS),                595895,2047196,1109505,P,1,12.84,12.84,1,12.74,12.74,0.1
260504,14141,GOODMAN MFG CO LP (PARTS),                595901,2047201,1109594,P,1,13.45,13.45,1,12.8,12.8,0.65
260505,15274,LLOYD INDUSTRIES INC,              572908FL,2047777,1109368,,4,82.77,331.08,4,82.77,331.08,0
260505,15274,LLOYD INDUSTRIES INC,              572908FL,2047777,1109368,,2,58.24,116.48,2,58.24,116.48,0
260505,17361,RESEARCH PRODUCTS CORP,              12157106,2047292,1109417,,6,3.12,18.72,6,3.12,18.72,0
260505,26620,C L Ward & Family Inc,                118653,2047956,1109535,,50,1.8,90,50,1.8,90,0
260508,14141,GOODMAN MFG CO LP (PARTS),                598311,2047592,1109604,,1,123.38,123.38,1,123.38,123.38,0
260508,14141,GOODMAN MFG CO LP (PARTS),                605515,2048902,1110077,P,1,6.96,6.96,1,6.63,6.63,0.33
260508,14351,CARLISLE COATINGS AND,              96600405,2049041,1105761,P,1,14.87,14.87,1,14.86,14.86,0.01
260508,14351,CARLISLE COATINGS AND,              96600405,2049041,1105761,,1,25.96,25.96,1,25.96,25.96,0
260511,11551,CAMBRIDGE-LEE INDUSTRIES INC,             903450307,2043452,1107633,,150,192.67,28900.5,150,192.67,28900.5,0
260511,11551,CAMBRIDGE-LEE INDUSTRIES INC,             903450307,2043452,1107633,,30,249.86,7495.8,30,249.86,7495.8,0
260512,14141,GOODMAN MFG CO LP (PARTS),                612626,2049630,1110547,P,6,11.9,71.4,6,11.19,67.14,4.26
260513,10631,FLEXIBLE TECHNOLOGIES,               1133550,2047638,1108175,P,24,71.826,1723.82,24,71.82,1723.68,0.14
260513,10631,FLEXIBLE TECHNOLOGIES,               1133754,2048939,1109497,,80,21.08,1686.4,80,21.08,1686.4,0
260513,10631,FLEXIBLE TECHNOLOGIES,               1133754,2048939,1109497,,128,25.909,3316.35,128,25.909,3316.35,0
260513,10631,FLEXIBLE TECHNOLOGIES,               1133754,2048939,1109497,,96,27.322,2622.91,96,27.322,2622.91,0
260513,10631,FLEXIBLE TECHNOLOGIES,               1133754,2048939,1109497,,144,30.532,4396.61,144,30.532,4396.61,0
260513,10631,FLEXIBLE TECHNOLOGIES,               1133754,2048939,1109497,,108,33.525,3620.7,108,33.525,3620.7,0
260513,10631,FLEXIBLE TECHNOLOGIES,               1133754,2048939,1109497,,81,41.293,3344.73,81,41.293,3344.73,0
260513,10631,FLEXIBLE TECHNOLOGIES,               1133754,2048939,1109497,,54,50.422,2722.79,54,50.422,2722.79,0
260513,10631,FLEXIBLE TECHNOLOGIES,               1133754,2048939,1109497,P,18,61.351,1104.32,18,61.35,1104.3,0.02
260513,10631,FLEXIBLE TECHNOLOGIES,               1133754,2048939,1109497,,36,71.826,2585.74,36,71.826,2585.74,0
260513,10631,FLEXIBLE TECHNOLOGIES,               1133754,2048939,1109497,,120,16.802,2016.24,120,16.802,2016.24,0
260513,10631,FLEXIBLE TECHNOLOGIES,               1133754,2048939,1109497,,140,23.353,3269.42,140,23.353,3269.42,0
260513,10631,FLEXIBLE TECHNOLOGIES,               1133754,2048939,1109497,,64,30.646,1961.34,64,30.646,1961.34,0
260513,15274,LLOYD INDUSTRIES INC,              573272FL,2050329,1108682,P,61,19.5418,1192.05,61,19.54,1191.94,0.11
260513,15274,LLOYD INDUSTRIES INC,              573272FL,2050329,1108682,P,21,21.9842,461.67,21,21.98,461.58,0.09
260513,20901,BROAN MANUFACTURING COMPANY,               9954828,2049978,1109722,,5,189.95,949.75,5,189.95,949.75,0
260513,20901,BROAN MANUFACTURING COMPANY,               9954828,2049978,1109722,P,3,23.25,69.75,3,26.95,80.85,-11.1
260513,20901,BROAN MANUFACTURING COMPANY,               9954828,2049978,1109722,,2,909.75,1819.5,2,909.75,1819.5,0
260514,14141,GOODMAN MFG CO LP (PARTS),                613427,2049962,1110650,P,1,2.4,2.4,1,2.28,2.28,0.12
260514,14141,GOODMAN MFG CO LP (PARTS),                613427,2049962,1110650,,1,127.52,127.52,1,127.52,127.52,0
260514,15274,LLOYD INDUSTRIES INC,              573334FL,2050503,1110359,,24,26.16,627.84,24,26.16,627.84,0
260514,26620,C L Ward & Family Inc,                118881,2050331,1110074,,1,42.45,42.45,1,42.45,42.45,0
260515,14141,GOODMAN MFG CO LP (PARTS),                617955,2050779,1110980,P,2,109.07,218.14,2,103.87,207.74,10.4
260521,14141,GOODMAN MFG CO LP (PARTS),                627129,2052148,1111525,P,1,2.23,2.23,1,2.08,2.08,0.15
260521,14141,GOODMAN MFG CO LP (PARTS),                627129,2052148,1111525,,1,597.83,597.83,1,597.83,597.83,0
260521,14141,GOODMAN MFG CO LP (PARTS),                627137,2052151,1111792,P,1,1.05,1.05,1,0.9,0.9,0.15
260521,14141,GOODMAN MFG CO LP (PARTS),                627137,2052151,1111792,,1,3.86,3.86,1,3.86,3.86,0
260521,22389,GOODMAN CO LP (PTAC),                627139,2052153,1111759,P,1,20.61,20.61,1,19.63,19.63,0.98
260526,17361,RESEARCH PRODUCTS CORP,              12166033,2051474,1111285,,1,164.9,164.9,1,164.9,164.9,0
260526,17361,RESEARCH PRODUCTS CORP,              12166033,2051474,1111285,,1,159.17,159.17,1,159.17,159.17,0
260526,17361,RESEARCH PRODUCTS CORP,              12166033,2051474,1111285,,2,190.4,380.8,2,190.4,380.8,0
260526,26321,Owens Corning Sales LLC,             940494107,2052892,1107635,,80,73.458,5876.64,80,73.458,5876.64,0
260526,26321,Owens Corning Sales LLC,             940494107,2052892,1107635,,100,114.4646,11446.46,100,114.4646,11446.46,0
260526,26321,Owens Corning Sales LLC,             940494107,2052892,1107635,,52,155.4646,8084.16,52,155.4646,8084.16,0
260527,10631,FLEXIBLE TECHNOLOGIES,               1134244,2051452,1110921,,80,21.08,1686.4,80,21.08,1686.4,0
260527,10631,FLEXIBLE TECHNOLOGIES,               1134244,2051452,1110921,,36,37.205,1339.38,36,37.205,1339.38,0
260527,10631,FLEXIBLE TECHNOLOGIES,               1134244,2051452,1110921,P,128,25.909,3316.35,128,23.74,3038.72,277.63
260527,10631,FLEXIBLE TECHNOLOGIES,               1134244,2051452,1110921,P,150,23.74,3561,150,25.9,3885,-324
260527,10631,FLEXIBLE TECHNOLOGIES,               1134244,2051452,1110921,,96,27.322,2622.91,96,27.322,2622.91,0
260527,10631,FLEXIBLE TECHNOLOGIES,               1134244,2051452,1110921,,96,30.532,2931.07,96,30.532,2931.07,0
260527,10631,FLEXIBLE TECHNOLOGIES,               1134244,2051452,1110921,,108,33.525,3620.7,108,33.525,3620.7,0
260527,10631,FLEXIBLE TECHNOLOGIES,               1134244,2051452,1110921,P,27,40.567,1095.31,27,40.56,1095.12,0.19
260527,10631,FLEXIBLE TECHNOLOGIES,               1134244,2051452,1110921,,54,41.293,2229.82,54,41.293,2229.82,0
260527,10631,FLEXIBLE TECHNOLOGIES,               1134244,2051452,1110921,,54,50.422,2722.79,54,50.422,2722.79,0
260527,10631,FLEXIBLE TECHNOLOGIES,               1134244,2051452,1110921,,48,71.826,3447.65,48,71.826,3447.65,0
260527,10631,FLEXIBLE TECHNOLOGIES,               1134244,2051452,1110921,,240,16.802,4032.48,240,16.802,4032.48,0
260527,26910,Goodman Manufacturing Co LP,                634430,2053179,1112171,P,1,3.07,3.07,1,2.66,2.66,0.41
260527,27486,K-Flex USA,             126009197,2053239,1111739,,42,9.77,410.34,42,9.77,410.34,0
260528,14171,Southwark Metal Mfg Co,                726221,2050909,1110609,,12,5.53,66.36,12,5.53,66.36,0
260528,14171,Southwark Metal Mfg Co,                726221,2050909,1110609,,12,5.81,69.72,12,5.81,69.72,0
260528,14171,Southwark Metal Mfg Co,                726221,2050909,1110609,,36,3.06,110.16,36,3.06,110.16,0
260528,14171,Southwark Metal Mfg Co,                726221,2050909,1110609,,24,3.06,73.44,24,3.06,73.44,0
260528,14171,Southwark Metal Mfg Co,                726221,2050909,1110609,,12,3.06,36.72,12,3.06,36.72,0
260528,14171,Southwark Metal Mfg Co,                726221,2050909,1110609,,24,3.34,80.16,24,3.34,80.16,0
260528,14171,Southwark Metal Mfg Co,                726221,2050909,1110609,,24,4.16,99.84,24,4.16,99.84,0
260528,14171,Southwark Metal Mfg Co,                726221,2050909,1110609,,12,8.92,107.04,12,8.92,107.04,0
260528,14171,Southwark Metal Mfg Co,                726221,2050909,1110609,,24,4.86,116.64,24,4.86,116.64,0
260528,14171,Southwark Metal Mfg Co,                726221,2050909,1110609,,48,1.44,69.12,48,1.44,69.12,0
260528,14171,Southwark Metal Mfg Co,                726221,2050909,1110609,,96,1.45,139.2,96,1.45,139.2,0
260528,14171,Southwark Metal Mfg Co,                726221,2050909,1110609,,96,1.44,138.24,96,1.44,138.24,0
260528,14171,Southwark Metal Mfg Co,                726221,2050909,1110609,,12,2.08,24.96,12,2.08,24.96,0
260528,14171,Southwark Metal Mfg Co,                726221,2050909,1110609,,12,2.51,30.12,12,2.51,30.12,0
260528,14171,Southwark Metal Mfg Co,                726221,2050909,1110609,,12,4.66,55.92,12,4.66,55.92,0
260528,14171,Southwark Metal Mfg Co,                726221,2050909,1110609,,72,2.66,191.52,72,2.66,191.52,0
260528,14171,Southwark Metal Mfg Co,                726221,2050909,1110609,,12,4.51,54.12,12,4.51,54.12,0
260528,14171,Southwark Metal Mfg Co,                726221,2050909,1110609,,25,2.21,55.25,25,2.21,55.25,0
260528,14171,Southwark Metal Mfg Co,                726221,2050909,1110609,,300,2.96,888,300,2.96,888,0
260528,14171,Southwark Metal Mfg Co,                726221,2050909,1110609,,150,9.38,1407,150,9.38,1407,0
260528,14171,Southwark Metal Mfg Co,                726221,2050909,1110609,,100,12.22,1222,100,12.22,1222,0
260528,14171,Southwark Metal Mfg Co,                726221,2050909,1110609,,12,13.45,161.4,12,13.45,161.4,0
260528,14171,Southwark Metal Mfg Co,                726221,2050909,1110609,,12,13.45,161.4,12,13.45,161.4,0
260528,14171,Southwark Metal Mfg Co,                726221,2050909,1110609,,24,2.95,70.8,24,2.95,70.8,0
260528,14171,Southwark Metal Mfg Co,                726221,2050909,1110609,,48,2.95,141.6,48,2.95,141.6,0
260528,14171,Southwark Metal Mfg Co,                726221,2050909,1110609,P,12,2.12,25.44,12,2.1,25.2,0.24
260528,14171,Southwark Metal Mfg Co,                726221,2050909,1110609,,100,2.12,212,100,2.12,212,0
260528,14171,Southwark Metal Mfg Co,                726221,2050909,1110609,,24,1,24,24,1,24,0
260528,14171,Southwark Metal Mfg Co,                726221,2050909,1110609,,50,1.07,53.5,50,1.07,53.5,0
260528,14171,Southwark Metal Mfg Co,                726221,2050909,1110609,,100,7.5,750,100,7.5,750,0
260528,14171,Southwark Metal Mfg Co,                726221,2050909,1110609,,100,4.32,432,100,4.32,432,0
260528,14171,Southwark Metal Mfg Co,                726221,2050909,1110609,,100,0.35,35,100,0.35,35,0
260528,14171,Southwark Metal Mfg Co,                726221,2050909,1110609,,100,0.41,41,100,0.41,41,0
260528,14171,Southwark Metal Mfg Co,                726221,2050909,1110609,,100,0.67,67,100,0.67,67,0
260528,14171,Southwark Metal Mfg Co,                726221,2050909,1110609,,200,0.84,168,200,0.84,168,0
260528,14171,Southwark Metal Mfg Co,                726221,2050909,1110609,,400,0.36,144,400,0.36,144,0
260528,14171,Southwark Metal Mfg Co,                726221,2050909,1110609,,400,0.74,296,400,0.74,296,0
260528,14171,Southwark Metal Mfg Co,                726221,2050909,1110609,,100,0.64,64,100,0.64,64,0
260528,14171,Southwark Metal Mfg Co,                726221,2050909,1110609,,10,8.93,89.3,10,8.93,89.3,0
260528,14171,Southwark Metal Mfg Co,                726221,2050909,1110609,,12,5.86,70.32,12,5.86,70.32,0
260528,14171,Southwark Metal Mfg Co,                726221,2050909,1110609,,10,28.09,280.9,10,28.09,280.9,0
260528,14171,Southwark Metal Mfg Co,                726221,2050909,1110609,,12,28.09,337.08,12,28.09,337.08,0
260529,10631,FLEXIBLE TECHNOLOGIES,               1134152,2051109,1110919,,36,37.205,1339.38,36,37.205,1339.38,0
260529,10631,FLEXIBLE TECHNOLOGIES,               1134152,2051109,1110919,,27,45.32,1223.64,27,45.32,1223.64,0
260529,10631,FLEXIBLE TECHNOLOGIES,               1134152,2051109,1110919,,75,23.74,1780.5,75,23.74,1780.5,0
260529,10631,FLEXIBLE TECHNOLOGIES,               1134152,2051109,1110919,,96,27.32,2622.72,96,27.32,2622.72,0
260529,10631,FLEXIBLE TECHNOLOGIES,               1134152,2051109,1110919,,48,30.53,1465.44,48,30.53,1465.44,0
260529,10631,FLEXIBLE TECHNOLOGIES,               1134152,2051109,1110919,,72,33.52,2413.44,72,33.52,2413.44,0
260529,10631,FLEXIBLE TECHNOLOGIES,               1134152,2051109,1110919,,54,40.567,2190.62,54,40.567,2190.62,0
260529,10631,FLEXIBLE TECHNOLOGIES,               1134152,2051109,1110919,,81,41.293,3344.73,81,41.293,3344.73,0
260529,10631,FLEXIBLE TECHNOLOGIES,               1134152,2051109,1110919,,54,50.422,2722.79,54,50.422,2722.79,0
260529,10631,FLEXIBLE TECHNOLOGIES,               1134152,2051109,1110919,,36,61.35,2208.6,36,61.35,2208.6,0
260529,10631,FLEXIBLE TECHNOLOGIES,               1134152,2051109,1110919,,12,71.82,861.84,12,71.82,861.84,0
260529,10631,FLEXIBLE TECHNOLOGIES,               1134152,2051109,1110919,,240,16.802,4032.48,240,16.802,4032.48,0
260529,10631,FLEXIBLE TECHNOLOGIES,               1134152,2051109,1110919,,240,23.353,5604.72,240,23.353,5604.72,0
260529,10631,FLEXIBLE TECHNOLOGIES,               1134243,2051465,1110919,,75,23.74,1780.5,75,23.74,1780.5,0
260529,14141,GOODMAN MFG CO LP (PARTS),                636862,2053616,1112556,P,1,12.03,12.03,1,11.24,11.24,0.79
260529,14141,GOODMAN MFG CO LP (PARTS),                639123,2053996,1112510,P,1,856.43,856.43,1,856.45,856.45,-0.02
260529,25705,WEITRON INC,              51024343,2049747,1110618,,25,164,4100,25,164,4100,0
260529,25705,WEITRON INC,              51024343,2049747,1110618,,10,140,1400,10,140,1400,0
260529,25705,WEITRON INC,              51024343,2049747,1110618,,5,354,1770,5,354,1770,0
260602,14141,GOODMAN MFG CO LP (PARTS),                645234,2054888,1113341,,1,65.34,65.34,1,65.34,65.34,0
260602,14141,GOODMAN MFG CO LP (PARTS),                645234,2054888,1113341,P,1,36.09,36.09,1,36.06,36.06,0.03
260605,26620,C L Ward & Family Inc,                119052,2055427,1111404,,2,34.05,68.1,2,34.05,68.1,0
260605,26620,C L Ward & Family Inc,                119052,2055427,1111404,,1,39.01,39.01,1,39.01,39.01,0
260605,26620,C L Ward & Family Inc,                119158,2055059,1112579,,2,76.48,152.96,2,76.48,152.96,0
260609,14141,GOODMAN MFG CO LP (PARTS),                629483,2054236,1111783,,1,21.61,21.61,1,21.61,21.61,0
260609,14141,GOODMAN MFG CO LP (PARTS),                629483,2054236,1111783,,1,3.95,3.95,1,3.95,3.95,0
260609,14141,GOODMAN MFG CO LP (PARTS),                629483,2054236,1111783,P,1,32.64,32.64,1,3.92,3.92,28.72
260609,26620,C L Ward & Family Inc,                119266,2055980,1110857,P,360,7.768,2796.48,360,7.77,2797.2,-0.72
260609,26620,C L Ward & Family Inc,                119266,2055980,1110857,,192,3.81,731.52,192,3.81,731.52,0
260609,32585,Sunbelt Marketing,            1708658-01,2056697,1112804,P,12,6.327,75.92,12,6.33,75.96,-0.04
260611,10631,FLEXIBLE TECHNOLOGIES,               1134303,2051824,1110922,,160,21.08,3372.8,160,21.08,3372.8,0
260611,10631,FLEXIBLE TECHNOLOGIES,               1134303,2051824,1110922,,75,23.74,1780.5,75,23.74,1780.5,0
260611,10631,FLEXIBLE TECHNOLOGIES,               1134303,2051824,1110922,,96,27.322,2622.91,96,27.322,2622.91,0
260611,10631,FLEXIBLE TECHNOLOGIES,               1134303,2051824,1110922,,48,30.532,1465.54,48,30.532,1465.54,0
260611,10631,FLEXIBLE TECHNOLOGIES,               1134303,2051824,1110922,,108,33.525,3620.7,108,33.525,3620.7,0
260611,10631,FLEXIBLE TECHNOLOGIES,               1134303,2051824,1110922,,27,40.567,1095.31,27,40.567,1095.31,0
260611,10631,FLEXIBLE TECHNOLOGIES,               1134303,2051824,1110922,,81,41.293,3344.73,81,41.293,3344.73,0
260611,10631,FLEXIBLE TECHNOLOGIES,               1134303,2051824,1110922,,54,50.422,2722.79,54,50.422,2722.79,0
260611,10631,FLEXIBLE TECHNOLOGIES,               1134303,2051824,1110922,,54,61.351,3312.95,54,61.351,3312.95,0
260611,10631,FLEXIBLE TECHNOLOGIES,               1134303,2051824,1110922,,12,71.826,861.91,12,71.826,861.91,0
260611,10631,FLEXIBLE TECHNOLOGIES,               1134303,2051824,1110922,,120,16.802,2016.24,120,16.802,2016.24,0
260611,10631,FLEXIBLE TECHNOLOGIES,               1134303,2051824,1110922,,64,30.646,1961.34,64,30.646,1961.34,0
260611,10631,FLEXIBLE TECHNOLOGIES,               1134303,2051824,1110922,P,96,30.936,2969.86,96,30.93,2969.28,0.58
260611,14141,GOODMAN MFG CO LP (PARTS),                660777,2057037,1114623,P,1,9.78,9.78,1,9.32,9.32,0.46
260611,26620,C L Ward & Family Inc,                119358,2057478,1104215,P,100,17.688,1768.8,100,17.69,1769,-0.2
260611,32585,Sunbelt Marketing,            1708658-00,2054890,1112804,,150,3.312,496.8,150,3.312,496.8,0
260611,32585,Sunbelt Marketing,            1708658-00,2054890,1112804,P,24,6.327,151.85,24,6.33,151.92,-0.07
260611,32585,Sunbelt Marketing,            1708658-00,2054890,1112804,,150,13.4,2010,150,13.4,2010,0
260612,10631,FLEXIBLE TECHNOLOGIES,               1134832,2054449,1112561,,48,40.175,1928.4,48,40.175,1928.4,0
260612,10631,FLEXIBLE TECHNOLOGIES,               1134832,2054449,1112561,,48,44.306,2126.69,48,44.306,2126.69,0
260612,10631,FLEXIBLE TECHNOLOGIES,               1134832,2054449,1112561,,72,47.811,3442.39,72,47.811,3442.39,0
260612,10631,FLEXIBLE TECHNOLOGIES,               1134832,2054449,1112561,,75,33.294,2497.05,75,33.294,2497.05,0
260612,10631,FLEXIBLE TECHNOLOGIES,               1134832,2054449,1112561,,54,76.98,4156.92,54,76.98,4156.92,0
260612,10631,FLEXIBLE TECHNOLOGIES,               1134832,2054449,1112561,,18,81.74,1471.32,18,81.74,1471.32,0
260612,10631,FLEXIBLE TECHNOLOGIES,               1134832,2054449,1112561,,54,58.948,3183.19,54,58.948,3183.19,0
260612,10631,FLEXIBLE TECHNOLOGIES,               1134944,2057484,1112561,,12,98.47,1181.64,12,98.47,1181.64,0
260612,10631,FLEXIBLE TECHNOLOGIES,               1135419,2057298,1114030,P,256,25.909,6632.7,256,25.9,6630.4,2.3
260612,10631,FLEXIBLE TECHNOLOGIES,               1135419,2057298,1114030,,108,41.293,4459.64,108,41.293,4459.64,0
260612,10631,FLEXIBLE TECHNOLOGIES,               1135419,2057298,1114030,,144,27.322,3934.37,144,27.322,3934.37,0
260612,26321,Owens Corning Sales LLC,             940512705,2057492,1113412,,576,29.355,16908.48,576,29.355,16908.48,0
260616,20463,DuraVent Inc,              90980686,2058701,1114646,,1,1514.48,1514.48,1,1514.48,1514.48,0
260616,34249,CAMDEN YARDS STEEL NEWCO LLC,                764631,2058700,1113329,,19710,81.3,16024.23,19710,0.813,16024.23,0
260616,34249,CAMDEN YARDS STEEL NEWCO LLC,                764631,2058700,1113329,,24460,87.23,21336.46,24460,0.8723,21336.46,0
260617,10631,FLEXIBLE TECHNOLOGIES,               1135520,2058164,1114435,P,64,25.909,1658.18,64,25.9,1657.6,0.58
260617,10631,FLEXIBLE TECHNOLOGIES,               1135520,2058164,1114435,,96,27.322,2622.91,96,27.322,2622.91,0
260617,10631,FLEXIBLE TECHNOLOGIES,               1135520,2058164,1114435,,54,41.293,2229.82,54,41.293,2229.82,0
260617,10631,FLEXIBLE TECHNOLOGIES,               1135520,2058164,1114435,,36,61.351,2208.64,36,61.351,2208.64,0
260617,10631,FLEXIBLE TECHNOLOGIES,               1135520,2058164,1114435,,60,21.08,1264.8,60,21.08,1264.8,0
260617,14141,GOODMAN MFG CO LP (PARTS),                671882,2058462,1115133,,1,3.95,3.95,1,3.95,3.95,0
260617,14141,GOODMAN MFG CO LP (PARTS),                671882,2058462,1115133,,1,301.38,301.38,1,301.38,301.38,0
260617,15274,LLOYD INDUSTRIES INC,              574466FL,2058846,1115074,P,24,29.1512,699.63,24,29.16,699.84,-0.21
260618,10631,FLEXIBLE TECHNOLOGIES,               1135471,2057661,1114431,,128,25.909,3316.35,128,25.909,3316.35,0
260618,10631,FLEXIBLE TECHNOLOGIES,               1135471,2057661,1114431,P,150,23.74,3561,150,23.749,3562.35,-1.35
260618,10631,FLEXIBLE TECHNOLOGIES,               1135471,2057661,1114431,,144,27.322,3934.37,144,27.322,3934.37,0
260618,10631,FLEXIBLE TECHNOLOGIES,               1135471,2057661,1114431,,96,30.532,2931.07,96,30.532,2931.07,0
260618,10631,FLEXIBLE TECHNOLOGIES,               1135471,2057661,1114431,,81,41.293,3344.73,81,41.293,3344.73,0
260618,10631,FLEXIBLE TECHNOLOGIES,               1135471,2057661,1114431,,36,61.351,2208.64,36,61.351,2208.64,0
260618,10631,FLEXIBLE TECHNOLOGIES,               1135471,2057661,1114431,,120,16.802,2016.24,120,16.802,2016.24,0
260619,10631,FLEXIBLE TECHNOLOGIES,               1135763,2059536,1113853,,180,28.22,5079.6,180,28.22,5079.6,0
260619,10631,FLEXIBLE TECHNOLOGIES,               1135763,2059536,1113853,,180,36.54,6577.2,180,36.54,6577.2,0
260619,10631,FLEXIBLE TECHNOLOGIES,               1135763,2059536,1113853,,96,43.81,4205.76,96,43.81,4205.76,0
260619,10631,FLEXIBLE TECHNOLOGIES,               1135763,2059536,1113853,,300,37.06,11118,300,37.06,11118,0
260619,10631,FLEXIBLE TECHNOLOGIES,               1135763,2059536,1113853,,192,43.04,8263.68,192,43.04,8263.68,0
260619,10631,FLEXIBLE TECHNOLOGIES,               1135763,2059536,1113853,,192,51.21,9832.32,192,51.21,9832.32,0
260619,10631,FLEXIBLE TECHNOLOGIES,               1135777,2059607,1113853,,36,54.52,1962.72,36,54.52,1962.72,0
260619,10631,FLEXIBLE TECHNOLOGIES,               1135777,2059607,1113853,,108,63.15,6820.2,108,63.15,6820.2,0
260622,10631,FLEXIBLE TECHNOLOGIES,               1135864,2060118,1114433,,16,25.909,414.54,16,25.909,414.54,0
260622,10631,FLEXIBLE TECHNOLOGIES,               1135864,2060118,1114433,,150,23.74,3561,150,23.74,3561,0
260622,10631,FLEXIBLE TECHNOLOGIES,               1135864,2060118,1114433,,16,30.532,488.51,16,30.532,488.51,0
260622,10631,FLEXIBLE TECHNOLOGIES,               1135864,2060118,1114433,,81,50.422,4084.18,81,50.422,4084.18,0
260622,10631,FLEXIBLE TECHNOLOGIES,               1135864,2060118,1114433,P,20,71.826,1436.52,20,71.82,1436.4,0.12
260622,14158,GMC SALES CORP (EQUIPMENT),                631125,2059361,1111944,P,1,191.08,191.08,1,178.58,178.58,12.5
260622,14171,Southwark Metal Mfg Co,                727042,2055835,1113460,,12,5.81,69.72,12,5.81,69.72,0
260622,14171,Southwark Metal Mfg Co,                727042,2055835,1113460,,12,5.53,66.36,12,5.53,66.36,0
260622,14171,Southwark Metal Mfg Co,                727042,2055835,1113460,,48,3.06,146.88,48,3.06,146.88,0
260622,14171,Southwark Metal Mfg Co,                727042,2055835,1113460,,36,3.06,110.16,36,3.06,110.16,0
260622,14171,Southwark Metal Mfg Co,                727042,2055835,1113460,,12,3.06,36.72,12,3.06,36.72,0
260622,14171,Southwark Metal Mfg Co,                727042,2055835,1113460,,24,4.16,99.84,24,4.16,99.84,0
260622,14171,Southwark Metal Mfg Co,                727042,2055835,1113460,,12,4.16,49.92,12,4.16,49.92,0
260622,14171,Southwark Metal Mfg Co,                727042,2055835,1113460,,12,4.86,58.32,12,4.86,58.32,0
260622,14171,Southwark Metal Mfg Co,                727042,2055835,1113460,P,12,4.86,58.32,12,10.84,130.08,-71.76
260622,14171,Southwark Metal Mfg Co,                727042,2055835,1113460,,288,1.45,417.6,288,1.45,417.6,0
260622,14171,Southwark Metal Mfg Co,                727042,2055835,1113460,,180,1.44,259.2,180,1.44,259.2,0
260622,14171,Southwark Metal Mfg Co,                727042,2055835,1113460,,48,2.08,99.84,48,2.08,99.84,0
260622,14171,Southwark Metal Mfg Co,                727042,2055835,1113460,,24,2.51,60.24,24,2.51,60.24,0
260622,14171,Southwark Metal Mfg Co,                727042,2055835,1113460,,24,4.66,111.84,24,4.66,111.84,0
260622,14171,Southwark Metal Mfg Co,                727042,2055835,1113460,,96,2.66,255.36,96,2.66,255.36,0
260622,14171,Southwark Metal Mfg Co,                727042,2055835,1113460,,12,4.51,54.12,12,4.51,54.12,0
260622,14171,Southwark Metal Mfg Co,                727042,2055835,1113460,,25,2.21,55.25,25,2.21,55.25,0
260622,14171,Southwark Metal Mfg Co,                727042,2055835,1113460,P,25,2.57,64.25,25,4.22,105.5,-41.25
260622,14171,Southwark Metal Mfg Co,                727042,2055835,1113460,,50,12,600,50,12,600,0
260622,14171,Southwark Metal Mfg Co,                727042,2055835,1113460,,150,9.38,1407,150,9.38,1407,0
260622,14171,Southwark Metal Mfg Co,                727042,2055835,1113460,,100,12.22,1222,100,12.22,1222,0
260622,14171,Southwark Metal Mfg Co,                727042,2055835,1113460,,36,2.95,106.2,36,2.95,106.2,0
260622,14171,Southwark Metal Mfg Co,                727042,2055835,1113460,,50,2.12,106,50,2.12,106,0
260622,14171,Southwark Metal Mfg Co,                727042,2055835,1113460,,25,2.12,53,25,2.12,53,0
260622,14171,Southwark Metal Mfg Co,                727042,2055835,1113460,,50,2.29,114.5,50,2.29,114.5,0
260622,14171,Southwark Metal Mfg Co,                727042,2055835,1113460,,24,1,24,24,1,24,0
260622,14171,Southwark Metal Mfg Co,                727042,2055835,1113460,,50,1.16,58,50,1.16,58,0
260622,14171,Southwark Metal Mfg Co,                727042,2055835,1113460,,50,3.83,191.5,50,3.83,191.5,0
260622,14171,Southwark Metal Mfg Co,                727042,2055835,1113460,P,50,4.22,211,50,2.57,128.5,82.5
260622,14171,Southwark Metal Mfg Co,                727042,2055835,1113460,,50,4.32,216,50,4.32,216,0
260622,14171,Southwark Metal Mfg Co,                727042,2055835,1113460,,50,7.5,375,50,7.5,375,0
260622,14171,Southwark Metal Mfg Co,                727042,2055835,1113460,,20,4.88,97.6,20,4.88,97.6,0
260622,14171,Southwark Metal Mfg Co,                727042,2055835,1113460,,100,0.48,48,100,0.48,48,0
260622,14171,Southwark Metal Mfg Co,                727042,2055835,1113460,,200,0.59,118,200,0.59,118,0
260622,14171,Southwark Metal Mfg Co,                727042,2055835,1113460,,200,0.67,134,200,0.67,134,0
260622,14171,Southwark Metal Mfg Co,                727042,2055835,1113460,,300,0.84,252,300,0.84,252,0
260622,14171,Southwark Metal Mfg Co,                727042,2055835,1113460,,800,0.36,288,800,0.36,288,0
260622,14171,Southwark Metal Mfg Co,                727042,2055835,1113460,,400,0.74,296,400,0.74,296,0
260622,14171,Southwark Metal Mfg Co,                727042,2055835,1113460,,300,0.64,192,300,0.64,192,0
260622,14171,Southwark Metal Mfg Co,                727042,2055835,1113460,,20,8.93,178.6,20,8.93,178.6,0
260622,14171,Southwark Metal Mfg Co,                727042,2055835,1113460,,24,5.86,140.64,24,5.86,140.64,0
260622,14171,Southwark Metal Mfg Co,                727042,2055835,1113460,,12,6.31,75.72,12,6.31,75.72,0
260622,14171,Southwark Metal Mfg Co,                727042,2055835,1113460,,12,1.37,16.44,12,1.37,16.44,0
260622,14171,Southwark Metal Mfg Co,                727042,2055835,1113460,,25,1.37,34.25,25,1.37,34.25,0
260622,14171,Southwark Metal Mfg Co,                727042,2055835,1113460,,25,1.44,36,25,1.44,36,0
260622,14171,Southwark Metal Mfg Co,                727042,2055835,1113460,,25,1.78,44.5,25,1.78,44.5,0
260622,14171,Southwark Metal Mfg Co,                727042,2055835,1113460,,12,2.58,30.96,12,2.58,30.96,0
260622,14171,Southwark Metal Mfg Co,                727042,2055835,1113460,,6,28.09,168.54,6,28.09,168.54,0
260622,14171,Southwark Metal Mfg Co,                727042,2055835,1113460,,6,28.09,168.54,6,28.09,168.54,0
260622,14171,Southwark Metal Mfg Co,                727042,2055835,1113460,,5,28.09,140.45,5,28.09,140.45,0
260622,14171,Southwark Metal Mfg Co,                727042,2055835,1113460,,5,28.09,140.45,5,28.09,140.45,0
260623,14141,GOODMAN MFG CO LP (PARTS),                658285,2056642,1114145,,1,5.6,5.6,1,5.6,5.6,0
260623,14141,GOODMAN MFG CO LP (PARTS),                658285,2056642,1114145,P,1,35.37,35.37,1,33.37,33.37,2
260623,14141,GOODMAN MFG CO LP (PARTS),                658285,2056642,1114145,,1,158.33,158.33,1,158.33,158.33,0
260623,14141,GOODMAN MFG CO LP (PARTS),                676598,2059109,1115374,P,1,5.91,5.91,1,4.96,4.96,0.95
260623,14141,GOODMAN MFG CO LP (PARTS),                682271,2059894,1115867,P,1,13.02,13.02,1,12.17,12.17,0.85
260623,14141,GOODMAN MFG CO LP (PARTS),                684491,2059902,1116084,P,1,5.91,5.91,1,4.96,4.96,0.95
260624,10631,FLEXIBLE TECHNOLOGIES,               1135881,2060482,1114433,,72,33.525,2413.8,72,33.525,2413.8,0
260624,10631,FLEXIBLE TECHNOLOGIES,               1135881,2060482,1114433,P,4,71.826,287.3,4,71.82,287.28,0.02
260625,15274,LLOYD INDUSTRIES INC,              574728FL,2061378,1116904,,3,97.78,293.34,3,97.78,293.34,0
260625,15274,LLOYD INDUSTRIES INC,              574728FL,2061378,1116904,,4,102.75,411,4,102.75,411,0
260626,27483,The Harris Products Group,             914725754,2057636,1114465,P,24,208.83,5011.92,24,208.84,5012.16,-0.24
260629,13411,DURO DYNE CORPORATION,               1370905,2062136,1111582,P,5,30.98,154.9,5,30.96,154.8,0.1
260629,14141,GOODMAN MFG CO LP (PARTS),                699360,2062084,1117352,,1,70.48,70.48,1,70.48,70.48,0
260629,14141,GOODMAN MFG CO LP (PARTS),                699360,2062084,1117352,P,1,100.5,100.5,1,101.5,101.5,-1
260630,10631,FLEXIBLE TECHNOLOGIES,               1136269,2062085,1116248,,150,23.74,3561,150,23.74,3561,0
260630,10631,FLEXIBLE TECHNOLOGIES,               1136269,2062085,1116248,,96,27.322,2622.91,96,27.322,2622.91,0
260630,10631,FLEXIBLE TECHNOLOGIES,               1136269,2062085,1116248,,32,30.532,977.02,32,30.532,977.02,0
260630,10631,FLEXIBLE TECHNOLOGIES,               1136269,2062085,1116248,,72,33.525,2413.8,72,33.525,2413.8,0
260630,10631,FLEXIBLE TECHNOLOGIES,               1136269,2062085,1116248,P,54,40.567,2190.62,54,40.56,2190.24,0.38
260630,10631,FLEXIBLE TECHNOLOGIES,               1136269,2062085,1116248,,54,41.293,2229.82,54,41.293,2229.82,0
260630,10631,FLEXIBLE TECHNOLOGIES,               1136269,2062085,1116248,,54,50.422,2722.79,54,50.422,2722.79,0
260630,10631,FLEXIBLE TECHNOLOGIES,               1136269,2062085,1116248,,36,61.351,2208.64,36,61.351,2208.64,0
260630,10631,FLEXIBLE TECHNOLOGIES,               1136269,2062085,1116248,,24,71.826,1723.82,24,71.826,1723.82,0
260630,10631,FLEXIBLE TECHNOLOGIES,               1136269,2062085,1116248,,240,16.802,4032.48,240,16.802,4032.48,0
260630,10631,FLEXIBLE TECHNOLOGIES,               1136269,2062085,1116248,,80,21.08,1686.4,80,21.08,1686.4,0
260630,10631,FLEXIBLE TECHNOLOGIES,               1136269,2062085,1116248,,80,23.353,1868.24,80,23.353,1868.24,0
260630,10631,FLEXIBLE TECHNOLOGIES,               1136269,2062085,1116248,,64,30.646,1961.34,64,30.646,1961.34,0
260630,14141,GOODMAN MFG CO LP (PARTS),                703098,2062397,1117621,P,1,13.39,13.39,1,12.75,12.75,0.64
260630,26620,C L Ward & Family Inc,                119657,2062541,1115760,,100,17.69,1769,100,17.69,1769,0
260702,14141,GOODMAN MFG CO LP (PARTS),                704011,2062761,1117733,P,1,70.06,70.06,1,66.72,66.72,3.34
260706,27486,K-Flex USA,             126012298,2062861,1117760,P,60,9.773,586.38,60,9.77,586.2,0.18
260707,26620,C L Ward & Family Inc,                119772,2063646,1116805,,2,201.1,402.2,2,201.1,402.2,0
260707,26895,Tradewinds Distributing Co LLC,               GU48044,2063156,1117881,P,1,94.48,94.48,1,94.98,94.98,-0.5
260708,14141,GOODMAN MFG CO LP (PARTS),               IB81092,2063785,1117899,P,1,7.38,7.38,1,6.7,6.7,0.68
260709,14141,GOODMAN MFG CO LP (PARTS),                719119,2064499,1118881,P,1,6.33,6.33,1,6.03,6.03,0.3
260710,14141,GOODMAN MFG CO LP (PARTS),                703990,2062751,1117555,,1,39.25,39.25,1,39.25,39.25,0
260710,14141,GOODMAN MFG CO LP (PARTS),                703990,2062751,1117555,P,1,65.02,65.02,1,61.95,61.95,3.07
260710,14141,GOODMAN MFG CO LP (PARTS),                703990,2062751,1117555,,1,135.58,135.58,1,135.58,135.58,0
260713,14141,GOODMAN MFG CO LP (PARTS),                721769,2064862,1118812,P,1,34.94,34.94,1,34.28,34.28,0.66
260713,14141,GOODMAN MFG CO LP (PARTS),                721769,2064862,1118812,,1,430.58,430.58,1,430.58,430.58,0
260713,14141,GOODMAN MFG CO LP (PARTS),                724811,2065463,1118991,,1,6.03,6.03,1,6.03,6.03,0
260714,14141,GOODMAN MFG CO LP (PARTS),               IB95511,2064924,1116038,P,1,32.8,32.8,1,30.65,30.65,2.15
260714,26321,Owens Corning Sales LLC,             940522316,2065635,1114451,P,132,114.465,15109.38,132,114.4645,15109.31,0.07
260714,26321,Owens Corning Sales LLC,             940522316,2065635,1114451,P,144,155.462,22386.53,144,155.4616,22386.47,0.06
260714,26321,Owens Corning Sales LLC,             940526901,2065642,1115208,,640,29.355,18787.2,640,29.355,18787.2,0
260714,26321,Owens Corning Sales LLC,             940538086,2065645,1116853,,640,29.355,18787.2,640,29.355,18787.2,0
260714,26321,Owens Corning Sales LLC,             940544530,2065652,1116854,,16,222.11,3553.76,16,222.11,3553.76,0
260714,26321,Owens Corning Sales LLC,             940544530,2065652,1116854,P,16,169.044,2704.7,16,169.04,2704.64,0.06
260715,14141,GOODMAN MFG CO LP (PARTS),                729861,2066555,1119651,P,1,125.69,125.69,1,125.46,125.46,0.23
260715,14141,GOODMAN MFG CO LP (PARTS),                729861,2066555,1119651,,1,81.34,81.34,1,81.34,81.34,0
260715,14141,GOODMAN MFG CO LP (PARTS),                731970,2066562,1119568,P,1,5.47,5.47,1,5.11,5.11,0.36
260715,26321,Owens Corning Sales LLC,             940553728,2066691,1117843,,360,81,29160,360,81,29160,0
260716,15274,LLOYD INDUSTRIES INC,              575209PA,2067342,1117856,,2,122.62,245.24,2,122.62,245.24,0
260716,20463,DuraVent Inc,              90982457,2061982,1113870,,1,76.62,76.62,1,76.62,76.62,0
260716,20463,DuraVent Inc,              90982457,2061982,1113870,,1,109.34,109.34,1,109.34,109.34,0
260716,20463,DuraVent Inc,              90982457,2061982,1113870,,1,199.43,199.43,1,199.43,199.43,0
260716,20463,DuraVent Inc,              90982457,2061982,1113870,P,1,40.81,40.81,1,41.81,41.81,-1
260716,20463,DuraVent Inc,              90982457,2061982,1113870,,1,75.85,75.85,1,75.85,75.85,0
260716,32393,Haltom Industries,              INV67158,2067109,1119692,P,1,172.93,172.93,1,173.93,173.93,-1
260716,34249,CAMDEN YARDS STEEL NEWCO LLC,                765242,2067207,1117864,,15820,82.95,13122.69,15820,0.8295,13122.69,0
260717,14141,GOODMAN MFG CO LP (PARTS),                732680,2067078,1119727,P,1,2,2,1,1.77,1.77,0.23
260720,10631,FLEXIBLE TECHNOLOGIES,               1137075,2067108,1119216,,192,40.175,7713.6,192,40.175,7713.6,0
260720,14141,GOODMAN MFG CO LP (PARTS),                735286,2067432,1119934,P,1,5.6,5.6,1,5.33,5.33,0.27
260720,14141,GOODMAN MFG CO LP (PARTS),                740304,2068046,1120052,P,1,3.37,3.37,1,3.15,3.15,0.22
260721,26321,Owens Corning Sales LLC,             940560079,2068152,1119928,,640,31.12,19916.8,640,31.12,19916.8,0
260721,26620,C L Ward & Family Inc,                120077,2068380,1119461,,1,151.71,151.71,1,151.71,151.71,0
260721,26620,C L Ward & Family Inc,                120077,2068380,1119461,,1,151.71,151.71,1,151.71,151.71,0
260721,26620,C L Ward & Family Inc,                120077,2068380,1119461,,3,76.48,229.44,3,76.48,229.44,0
260721,26620,C L Ward & Family Inc,                120077,2068380,1119461,,2,76.48,152.96,2,76.48,152.96,0
260721,26620,C L Ward & Family Inc,                120077,2068380,1119461,,1,76.48,76.48,1,76.48,76.48,0
260723,14141,GOODMAN MFG CO LP (PARTS),                751705,2069294,1103098,P,1,28.43,28.43,1,23.84,23.84,4.59
260723,15243,LAMBRO INDUSTRIES,            INV0174886,2069374,1120459,P,30,3.56,106.8,30,3.5605,106.82,-0.02
260724,10631,FLEXIBLE TECHNOLOGIES,               1137257,2068408,1119216,,96,47.811,4589.86,96,47.811,4589.86,0
260724,14141,GOODMAN MFG CO LP (PARTS),                743447,2068365,1120446,P,1,3.24,3.24,1,3.09,3.09,0.15
260724,14141,GOODMAN MFG CO LP (PARTS),                746225,2068738,1120383,P,1,3.53,3.53,1,3.94,3.94,-0.41
260724,14141,GOODMAN MFG CO LP (PARTS),                746231,2068739,1120409,,1,208.28,208.28,1,208.28,208.28,0
260724,14141,GOODMAN MFG CO LP (PARTS),                746231,2068739,1120409,P,1,5.6,5.6,1,5.33,5.33,0.27
260724,14141,GOODMAN MFG CO LP (PARTS),                752386,2069711,1120878,P,1,13.08,13.08,1,12.22,12.22,0.86
260724,15861,MCDANIEL METALS INC,              00344830,2069342,1112050,P,2,233.44,466.88,2,233.4,466.8,0.08
260724,26620,C L Ward & Family Inc,                120120,2068998,1119485,,200,17.9,3580,200,17.9,3580,0
260724,26620,C L Ward & Family Inc,                120120,2068998,1119485,,75,14.03,1052.25,75,14.03,1052.25,0
260724,26620,C L Ward & Family Inc,                120120,2068998,1119485,P,24,15.752,378.05,24,15.75,378,0.05
260724,26620,C L Ward & Family Inc,                120120,2068998,1119485,,12,23.023,276.28,12,23.023,276.28,0
260727,10631,FLEXIBLE TECHNOLOGIES,               1137584,2070454,1119129,,180,28.22,5079.6,180,28.22,5079.6,0
260727,10631,FLEXIBLE TECHNOLOGIES,               1137584,2070454,1119129,,100,36.54,3654,100,36.54,3654,0
260727,10631,FLEXIBLE TECHNOLOGIES,               1137584,2070454,1119129,,96,43.81,4205.76,96,43.81,4205.76,0
260727,10631,FLEXIBLE TECHNOLOGIES,               1137584,2070454,1119129,,36,54.52,1962.72,36,54.52,1962.72,0
260727,10631,FLEXIBLE TECHNOLOGIES,               1137584,2070454,1119129,,300,37.06,11118,300,37.06,11118,0
260727,10631,FLEXIBLE TECHNOLOGIES,               1137584,2070454,1119129,,192,43.04,8263.68,192,43.04,8263.68,0
260727,10631,FLEXIBLE TECHNOLOGIES,               1137584,2070454,1119129,,96,51.21,4916.16,96,51.21,4916.16,0
260727,10631,FLEXIBLE TECHNOLOGIES,               1137584,2070454,1119129,,162,63.15,10230.3,162,63.15,10230.3,0
260727,14141,GOODMAN MFG CO LP (PARTS),                755126,2070142,1120960,P,1,10.38,10.38,1,9.87,9.87,0.51
260727,20527,FIELD CONTROLS LLC,       INVWHL000067557,2070461,1118483,,1,1224.999,1225,1,1224.999,1225,0
260728,10631,FLEXIBLE TECHNOLOGIES,               1136798,2064936,1118684,,75,24.22,1816.5,75,24.22,1816.5,0
260728,10631,FLEXIBLE TECHNOLOGIES,               1136798,2064936,1118684,,48,27.92,1340.16,48,27.92,1340.16,0
260728,10631,FLEXIBLE TECHNOLOGIES,               1136798,2064936,1118684,,48,28.15,1351.2,48,28.15,1351.2,0
260728,10631,FLEXIBLE TECHNOLOGIES,               1136798,2064936,1118684,,108,34.31,3705.48,108,34.31,3705.48,0
260728,10631,FLEXIBLE TECHNOLOGIES,               1136798,2064936,1118684,,27,39.61,1069.47,27,39.61,1069.47,0
260728,10631,FLEXIBLE TECHNOLOGIES,               1136798,2064936,1118684,,27,51.32,1385.64,27,51.32,1385.64,0
260728,10631,FLEXIBLE TECHNOLOGIES,               1136798,2064936,1118684,,18,59.48,1070.64,18,59.48,1070.64,0
260728,10631,FLEXIBLE TECHNOLOGIES,               1136798,2064936,1118684,,12,73.45,881.4,12,73.45,881.4,0
260728,10631,FLEXIBLE TECHNOLOGIES,               1136798,2064936,1118684,,120,15.46,1855.2,120,15.46,1855.2,0
260728,10631,FLEXIBLE TECHNOLOGIES,               1136798,2064936,1118684,,160,19.43,3108.8,160,19.43,3108.8,0
260728,10631,FLEXIBLE TECHNOLOGIES,               1136798,2064936,1118684,,160,21.51,3441.6,160,21.51,3441.6,0
260728,10631,FLEXIBLE TECHNOLOGIES,               1136798,2064936,1118684,,192,23.84,4577.28,192,23.84,4577.28,0
260728,10631,FLEXIBLE TECHNOLOGIES,               1136798,2064936,1118684,,64,26.48,1694.72,64,26.48,1694.72,0
260728,10631,FLEXIBLE TECHNOLOGIES,               1136798,2064936,1118684,,96,30.21,2900.16,96,30.21,2900.16,0
260728,10631,FLEXIBLE TECHNOLOGIES,               1136798,2064936,1118684,,72,36.9,2656.8,72,36.9,2656.8,0
260728,10631,FLEXIBLE TECHNOLOGIES,               1136798,2064936,1118684,,27,42.63,1151.01,27,42.63,1151.01,0
260728,10631,FLEXIBLE TECHNOLOGIES,               1137132,2067443,1118703,,75,24.22,1816.5,75,24.22,1816.5,0
260728,10631,FLEXIBLE TECHNOLOGIES,               1137132,2067443,1118703,,144,27.92,4020.48,144,27.92,4020.48,0
260728,10631,FLEXIBLE TECHNOLOGIES,               1137132,2067443,1118703,,144,28.15,4053.6,144,28.15,4053.6,0
260728,10631,FLEXIBLE TECHNOLOGIES,               1137132,2067443,1118703,,72,34.31,2470.32,72,34.31,2470.32,0
260728,10631,FLEXIBLE TECHNOLOGIES,               1137132,2067443,1118703,,27,38.01,1026.27,27,38.01,1026.27,0
260728,10631,FLEXIBLE TECHNOLOGIES,               1137132,2067443,1118703,,27,39.61,1069.47,27,39.61,1069.47,0
260728,10631,FLEXIBLE TECHNOLOGIES,               1137132,2067443,1118703,,54,51.32,2771.28,54,51.32,2771.28,0
260728,10631,FLEXIBLE TECHNOLOGIES,               1137132,2067443,1118703,,54,59.48,3211.92,54,59.48,3211.92,0
260728,10631,FLEXIBLE TECHNOLOGIES,               1137132,2067443,1118703,,12,73.45,881.4,12,73.45,881.4,0
260728,10631,FLEXIBLE TECHNOLOGIES,               1137132,2067443,1118703,,120,15.46,1855.2,120,15.46,1855.2,0
260728,10631,FLEXIBLE TECHNOLOGIES,               1137132,2067443,1118703,,240,19.43,4663.2,240,19.43,4663.2,0
260728,10631,FLEXIBLE TECHNOLOGIES,               1137132,2067443,1118703,,80,21.51,1720.8,80,21.51,1720.8,0
260728,10631,FLEXIBLE TECHNOLOGIES,               1137132,2067443,1118703,,64,23.84,1525.76,64,23.84,1525.76,0
260728,10631,FLEXIBLE TECHNOLOGIES,               1137132,2067443,1118703,,27,42.63,1151.01,27,42.63,1151.01,0
260728,26321,Owens Corning Sales LLC,             940567503,2070529,1120739,,576,31.1164,17923.05,576,31.1164,17923.05,0
260728,26321,Owens Corning Sales LLC,             940567503,2070529,1120739,,16,222.111,3553.78,16,222.111,3553.78,0
260729,10631,FLEXIBLE TECHNOLOGIES,               1137647,2070877,1119129,,80,36.54,2923.2,80,36.54,2923.2,0
260729,34249,CAMDEN YARDS STEEL NEWCO LLC,                800144,2071454,1120441,,17090,80.65,13783.09,17090,0.8065,13783.09,0
260729,34249,CAMDEN YARDS STEEL NEWCO LLC,                800144,2071454,1120441,,24170,82.65,19976.51,24170,0.8265,19976.51,0
260730,10631,FLEXIBLE TECHNOLOGIES,               1137712,2071336,1117734,,72,51.21,3687.12,72,51.21,3687.12,0
260730,10631,FLEXIBLE TECHNOLOGIES,               1137712,2071336,1117734,,96,43.04,4131.84,96,43.04,4131.84,0
260730,10631,FLEXIBLE TECHNOLOGIES,               1137712,2071336,1117734,,54,76.98,4156.92,54,76.98,4156.92,0
260730,10631,FLEXIBLE TECHNOLOGIES,               1137712,2071336,1117734,,27,63.15,1705.05,27,63.15,1705.05,0
260730,14141,GOODMAN MFG CO LP (PARTS),                760187,2070848,1121232,,1,16.86,16.86,1,16.86,16.86,0
260730,14141,GOODMAN MFG CO LP (PARTS),                760187,2070848,1121232,,1,17.33,17.33,1,17.33,17.33,0
260730,14141,GOODMAN MFG CO LP (PARTS),                760187,2070848,1121232,,1,17.83,17.83,1,17.83,17.83,0
260730,14141,GOODMAN MFG CO LP (PARTS),                760187,2070848,1121232,P,1,19.86,19.86,1,18.92,18.92,0.94
260730,14141,GOODMAN MFG CO LP (PARTS),                760194,2070849,1121349,,1,8.11,8.11,1,8.11,8.11,0
260730,14141,GOODMAN MFG CO LP (PARTS),                760194,2070849,1121349,P,1,5.44,5.44,1,5.17,5.17,0.27
260730,14141,GOODMAN MFG CO LP (PARTS),                762583,2070854,1109144,P,1,2.76,2.76,1,2.58,2.58,0.18
260730,14141,GOODMAN MFG CO LP (PARTS),                763218,2071309,1121862,P,1,2.72,2.72,1,2.35,2.35,0.37
260730,31283,Aire Technologies Inc,                 84315,2072010,1121062,,1,49.5,49.5,1,49.5,49.5,0
260730,31283,Aire Technologies Inc,                 84315,2072010,1121062,,1,53.37,53.37,1,53.37,53.37,0
260731,10631,FLEXIBLE TECHNOLOGIES,               1137714,2071348,1121095,,3,59.95,179.85,3,59.95,179.85,0
260731,10631,FLEXIBLE TECHNOLOGIES,               1137714,2071348,1121095,,20,75.14,1502.8,20,75.14,1502.8,0
260731,10631,FLEXIBLE TECHNOLOGIES,               1137714,2071348,1121095,,100,27.48,2748,100,27.48,2748,0
260731,10631,FLEXIBLE TECHNOLOGIES,               1137714,2071348,1121095,,60,33.097,1985.82,60,33.097,1985.82,0
260731,10631,FLEXIBLE TECHNOLOGIES,               1137874,2072273,1117734,,48,47.46,2278.08,48,47.46,2278.08,0
260731,10631,FLEXIBLE TECHNOLOGIES,               1137874,2072273,1117734,,75,37.06,2779.5,75,37.06,2779.5,0
260731,10631,FLEXIBLE TECHNOLOGIES,               1137874,2072273,1117734,,60,39.42,2365.2,60,39.42,2365.2,0
260731,10631,FLEXIBLE TECHNOLOGIES,               1137874,2072273,1117734,,36,87.56,3152.16,36,87.56,3152.16,0
260731,10631,FLEXIBLE TECHNOLOGIES,               1137874,2072273,1117734,,27,63.15,1705.05,27,63.15,1705.05,0
260731,10631,FLEXIBLE TECHNOLOGIES,               1137874,2072273,1117734,,24,105.48,2531.52,24,105.48,2531.52,0
260731,14141,GOODMAN MFG CO LP (PARTS),                769189,2072224,1120184,P,1,426.6,426.6,1,426,426,0.6
260731,15274,LLOYD INDUSTRIES INC,              574892FL,2063097,1116622,,3,34.7,104.1,3,34.7,104.1,0
260731,15274,LLOYD INDUSTRIES INC,              574892FL,2063097,1116622,,2,42.71,85.42,2,42.71,85.42,0
260731,15274,LLOYD INDUSTRIES INC,              574892FL,2063097,1116622,,4,32.92,131.68,4,32.92,131.68,0
260731,15274,LLOYD INDUSTRIES INC,              574892FL,2063097,1116622,,4,38.26,153.04,4,38.26,153.04,0
260731,15274,LLOYD INDUSTRIES INC,              574892FL,2063097,1116622,,5,32.92,164.6,5,32.92,164.6,0
260731,15274,LLOYD INDUSTRIES INC,              574892FL,2063097,1116622,,2,16.02,32.04,2,16.02,32.04,0
260731,15274,LLOYD INDUSTRIES INC,              574892FL,2063097,1116622,,20,30.84,616.8,20,30.84,616.8,0
260731,15274,LLOYD INDUSTRIES INC,              574892FL,2063097,1116622,,2,34.7,69.4,2,34.7,69.4,0
260731,15274,LLOYD INDUSTRIES INC,              574892FL,2063097,1116622,,1,37.37,37.37,1,37.37,37.37,0
260731,15274,LLOYD INDUSTRIES INC,              574892FL,2063097,1116622,,2,16.91,33.82,2,16.91,33.82,0
260731,15274,LLOYD INDUSTRIES INC,              574892FL,2063097,1116622,,2,18.69,37.38,2,18.69,37.38,0
260731,15274,LLOYD INDUSTRIES INC,              574892FL,2063097,1116622,,1,20.46,20.46,1,20.46,20.46,0
260731,15274,LLOYD INDUSTRIES INC,              574892FL,2063097,1116622,,2,30.844,61.69,2,30.844,61.69,0
260731,15274,LLOYD INDUSTRIES INC,              574892FL,2063097,1116622,,1,24.91,24.91,1,24.91,24.91,0
260731,15274,LLOYD INDUSTRIES INC,              574892FL,2063097,1116622,,2,40.485,80.97,2,40.485,80.97,0
260731,15274,LLOYD INDUSTRIES INC,              574892FL,2063097,1116622,,1,19.57,19.57,1,19.57,19.57,0
260803,28279,Neuco,               9925477,2072566,1122373,,1,232.16,232.16,1,232.16,232.16,0
260804,14141,GOODMAN MFG CO LP (PARTS),                773983,2072586,1122429,P,1,9.9,9.9,1,9.43,9.43,0.47
260804,14141,GOODMAN MFG CO LP (PARTS),                775363,2073049,1122255,P,1,6.33,6.33,1,6.03,6.03,0.3
260804,14141,GOODMAN MFG CO LP (PARTS),                775363,2073049,1122255,P,1,5.6,5.6,1,5.33,5.33,0.27
260804,14141,GOODMAN MFG CO LP (PARTS),                775383,2073054,1122465,,1,16.86,16.86,1,16.86,16.86,0
260804,14141,GOODMAN MFG CO LP (PARTS),                775383,2073054,1122465,,1,17.33,17.33,1,17.33,17.33,0
260804,14141,GOODMAN MFG CO LP (PARTS),                775383,2073054,1122465,,1,17.83,17.83,1,17.83,17.83,0
260804,14141,GOODMAN MFG CO LP (PARTS),                775383,2073054,1122465,P,1,20.57,20.57,1,19.59,19.59,0.98
260804,14141,GOODMAN MFG CO LP (PARTS),                775383,2073054,1122465,,1,352.29,352.29,1,352.29,352.29,0
260804,14141,GOODMAN MFG CO LP (PARTS),                775383,2073054,1122465,,1,10.99,10.99,1,10.99,10.99,0
260804,14141,GOODMAN MFG CO LP (PARTS),                775440,2073058,1122663,P,1,9.9,9.9,1,9.43,9.43,0.47
260806,10631,FLEXIBLE TECHNOLOGIES,               1137274,2068409,1117839,,180,28.22,5079.6,180,28.22,5079.6,0
260806,10631,FLEXIBLE TECHNOLOGIES,               1137274,2068409,1117839,,180,36.54,6577.2,180,36.54,6577.2,0
260806,10631,FLEXIBLE TECHNOLOGIES,               1137274,2068409,1117839,,96,43.81,4205.76,96,43.81,4205.76,0
260806,10631,FLEXIBLE TECHNOLOGIES,               1137274,2068409,1117839,,36,54.52,1962.72,36,54.52,1962.72,0
260806,10631,FLEXIBLE TECHNOLOGIES,               1137274,2068409,1117839,,75,37.06,2779.5,75,37.06,2779.5,0
260806,10631,FLEXIBLE TECHNOLOGIES,               1137274,2068409,1117839,,192,43.04,8263.68,192,43.04,8263.68,0
260806,10631,FLEXIBLE TECHNOLOGIES,               1137274,2068409,1117839,,96,51.21,4916.16,96,51.21,4916.16,0
260806,10631,FLEXIBLE TECHNOLOGIES,               1137274,2068409,1117839,,162,63.15,10230.3,162,63.15,10230.3,0
260806,10631,FLEXIBLE TECHNOLOGIES,               1137420,2070526,1117839,,225,37.06,8338.5,225,37.06,8338.5,0
260806,14141,GOODMAN MFG CO LP (PARTS),                729810,2073735,1113634,P,1,360.1,360.1,1,380.1,380.1,-20
260806,14141,GOODMAN MFG CO LP (PARTS),                775441,2073059,1122665,,1,22.41,22.41,1,22.41,22.41,0
260806,14141,GOODMAN MFG CO LP (PARTS),                775441,2073059,1122665,P,1,6.33,6.33,1,6.03,6.03,0.3
260806,14141,GOODMAN MFG CO LP (PARTS),                779168,2073360,1122659,P,1,6.33,6.33,1,6.03,6.03,0.3
260806,14141,GOODMAN MFG CO LP (PARTS),                782022,2073717,1122735,P,1,17.46,17.46,1,16.63,16.63,0.83
260806,14141,GOODMAN MFG CO LP (PARTS),                782028,2073718,1122830,P,1,221.25,221.25,1,221.26,221.26,-0.01
260806,15243,LAMBRO INDUSTRIES,            INV0175207,2073289,1122276,P,60,3.2,192,60,3.201,192.06,-0.06
260806,17361,RESEARCH PRODUCTS CORP,              12213550,2073437,1122632,P,1,1286.71,1286.71,1,1286.87,1286.87,-0.16
260811,28279,Neuco,               992924D,2074462,1123369,,1,232.58,232.58,1,232.58,232.58,0
260813,14141,GOODMAN MFG CO LP (PARTS),                784871,2074101,1122897,P,1,7.41,7.41,1,7.4,7.4,0.01
260813,14141,GOODMAN MFG CO LP (PARTS),                784884,2074103,1122921,P,1,79.51,79.51,1,79.52,79.52,-0.01
260813,14141,GOODMAN MFG CO LP (PARTS),                784884,2074103,1122921,,1,74.99,74.99,1,74.99,74.99,0
260813,14141,GOODMAN MFG CO LP (PARTS),                786972,2074106,1122932,P,1,79.51,79.51,1,79.52,79.52,-0.01
260813,14141,GOODMAN MFG CO LP (PARTS),                787688,2074466,1123065,P,1,79.51,79.51,1,79.52,79.52,-0.01
260813,26620,C L Ward & Family Inc,                120467,2075145,1122662,,1,35.04,35.04,1,35.04,35.04,0
260813,26620,C L Ward & Family Inc,                120467,2075145,1122662,,2,39.424,78.85,2,39.424,78.85,0
260813,26620,C L Ward & Family Inc,                120467,2075145,1122662,P,4,45.996,183.98,4,45.96,183.84,0.14
260813,26620,C L Ward & Family Inc,                120467,2075145,1122662,P,1,50.377,50.38,1,50.38,50.38,0
260813,26895,Tradewinds Distributing Co LLC,               GX60858,2075543,1123739,P,1,54.85,54.85,1,55.02,55.02,-0.17
260814,14141,GOODMAN MFG CO LP (PARTS),                786974,2074107,1122952,P,1,369.91,369.91,1,369.9,369.9,0.01
260814,14141,GOODMAN MFG CO LP (PARTS),                786974,2074107,1122952,,1,117.46,117.46,1,117.46,117.46,0
260814,14141,GOODMAN MFG CO LP (PARTS),                792746,2074897,1123457,P,1,10.39,10.39,1,9.43,9.43,0.96
260814,14141,GOODMAN MFG CO LP (PARTS),                793922,2075225,1123341,P,1,20.14,20.14,1,19.18,19.18,0.96
260814,29984,RECTORSEAL,               2308001,2071501,1118735,,1,293.52,293.52,1,293.52,293.52,0
260814,29984,RECTORSEAL,               2308001,2071501,1118735,,1,262.65,262.65,1,262.65,262.65,0
260814,29984,RECTORSEAL,               2308001,2071501,1118735,,1,75.99,75.99,1,75.99,75.99,0
260817,14141,GOODMAN MFG CO LP (PARTS),                787716,2074472,1123349,,1,94.75,94.75,1,94.75,94.75,0
260817,14141,GOODMAN MFG CO LP (PARTS),                787716,2074472,1123349,P,1,1.41,1.41,1,1.28,1.28,0.13
260817,14141,GOODMAN MFG CO LP (PARTS),                787718,2074473,1123363,,1,26.74,26.74,1,26.74,26.74,0
260817,14141,GOODMAN MFG CO LP (PARTS),                787718,2074473,1123363,,1,55.01,55.01,1,55.01,55.01,0
260817,14141,GOODMAN MFG CO LP (PARTS),                787718,2074473,1123363,P,1,1.75,1.75,1,1.67,1.67,0.08
260817,14141,GOODMAN MFG CO LP (PARTS),                789826,2074475,1123219,,1,647.02,647.02,1,647.02,647.02,0
260817,14141,GOODMAN MFG CO LP (PARTS),                789826,2074475,1123219,P,1,17.32,17.32,1,17.31,17.31,0.01
260817,14141,GOODMAN MFG CO LP (PARTS),                789826,2074475,1123219,,1,7.43,7.43,1,7.43,7.43,0
260817,14141,GOODMAN MFG CO LP (PARTS),                789826,2074475,1123219,,1,24.74,24.74,1,24.74,24.74,0
260817,14141,GOODMAN MFG CO LP (PARTS),                795623,2075234,1123654,,1,241.07,241.07,1,241.07,241.07,0
260817,14141,GOODMAN MFG CO LP (PARTS),                795623,2075234,1123654,P,1,269.93,269.93,1,269.92,269.92,0.01
260817,14141,GOODMAN MFG CO LP (PARTS),                796627,2075552,1123605,P,1,10.72,10.72,1,9.73,9.73,0.99
260817,14141,GOODMAN MFG CO LP (PARTS),                798505,2075556,1123854,,1,4.9,4.9,1,4.9,4.9,0
260817,14141,GOODMAN MFG CO LP (PARTS),                798505,2075556,1123854,P,1,4.08,4.08,1,4.28,4.28,-0.2
260817,14141,GOODMAN MFG CO LP (PARTS),                798985,2075996,1124111,P,1,10.72,10.72,1,9.73,9.73,0.99
260817,14141,GOODMAN MFG CO LP (PARTS),                798988,2075998,1124202,P,1,6.64,6.64,1,6.33,6.33,0.31
260817,26620,C L Ward & Family Inc,                120547,2076189,1122955,,100,17.69,1769,100,17.69,1769,0
260818,20383,RAM FABRICATIONS LLC,                332493,2075144,1122324,,20,84.51,1690.2,20,84.51,1690.2,0
260818,20383,RAM FABRICATIONS LLC,                332493,2075144,1122324,P,15,66.47,997.05,15,66.48,997.2,-0.15
260818,20383,RAM FABRICATIONS LLC,                332493,2075144,1122324,,60,15.78,946.8,60,15.78,946.8,0
260818,20383,RAM FABRICATIONS LLC,                332493,2075144,1122324,,30,2,60,30,2,60,0
260818,29984,RECTORSEAL,               2357745,2076829,1123982,,50,22.74,1137,50,22.74,1137,0
260818,29984,RECTORSEAL,               2357745,2076829,1123982,P,21,21.31,447.51,21,21.3,447.3,0.21
260818,29984,RECTORSEAL,               2357745,2076829,1123982,,33,15.9,524.7,33,15.9,524.7,0
260819,10631,FLEXIBLE TECHNOLOGIES,               1138424,2074564,1118206,,96,40.175,3856.8,96,40.175,3856.8,0
260819,10631,FLEXIBLE TECHNOLOGIES,               1138424,2074564,1118206,,108,47.811,5163.59,108,47.811,5163.59,0
260819,10631,FLEXIBLE TECHNOLOGIES,               1138424,2074564,1118206,P,12,115.609,1387.31,12,115.6,1387.2,0.11
260819,10631,FLEXIBLE TECHNOLOGIES,               1138424,2074564,1118206,,27,76.98,2078.46,27,76.98,2078.46,0
260819,10631,FLEXIBLE TECHNOLOGIES,               1138424,2074564,1118206,,36,81.74,2942.64,36,81.74,2942.64,0
260819,10631,FLEXIBLE TECHNOLOGIES,               1138424,2074564,1118206,P,24,98.468,2363.23,24,98.46,2363.04,0.19
260819,14141,GOODMAN MFG CO LP (PARTS),                792736,2074892,1123355,P,1,80.78,80.78,1,80.79,80.79,-0.01
260819,14141,GOODMAN MFG CO LP (PARTS),                792736,2074892,1123355,,1,276.58,276.58,1,276.58,276.58,0
260819,14141,GOODMAN MFG CO LP (PARTS),                801508,2076372,1124146,P,1,6.64,6.64,1,6.33,6.33,0.31
260819,26321,Owens Corning Sales LLC,             940588091,2076586,1123243,,640,31.12,19916.8,640,31.12,19916.8,0
260820,14141,GOODMAN MFG CO LP (PARTS),                732683,2070402,1119747,P,1,119.88,119.88,1,103.59,103.59,16.29
260820,14141,GOODMAN MFG CO LP (PARTS),                732683,2070402,1119747,P,1,49.06,49.06,1,59.08,59.08,-10.02
260821,14141,GOODMAN MFG CO LP (PARTS),                809319,2077168,1124477,P,1,2.12,2.12,1,2.23,2.23,-0.11
260821,14141,GOODMAN MFG CO LP (PARTS),                809319,2077168,1124477,P,1,79.51,79.51,1,79.52,79.52,-0.01
260821,14141,GOODMAN MFG CO LP (PARTS),                809324,2077169,1124765,P,1,369.91,369.91,1,369.9,369.9,0.01
260821,14141,GOODMAN MFG CO LP (PARTS),                813165,2078214,1124631,P,1,5.78,5.78,1,5,5,0.78
260821,14141,GOODMAN MFG CO LP (PARTS),                813173,2078216,1124665,,1,276.58,276.58,1,276.58,276.58,0
260821,14141,GOODMAN MFG CO LP (PARTS),                813173,2078216,1124665,,1,80.79,80.79,1,80.79,80.79,0
260821,14141,GOODMAN MFG CO LP (PARTS),                813179,2078219,1124871,P,1,10.39,10.39,1,9.43,9.43,0.96
260821,14141,GOODMAN MFG CO LP (PARTS),                813179,2078219,1124871,,1,276.58,276.58,1,276.58,276.58,0
260821,26321,Owens Corning Sales LLC,             940579929,2076077,1122096,,232,98.79,22919.28,232,98.79,22919.28,0
260821,26321,Owens Corning Sales LLC,             940579929,2076077,1122096,,60,114.46,6867.6,60,114.46,6867.6,0
260821,26321,Owens Corning Sales LLC,             940579929,2076077,1122096,,60,155.46,9327.6,60,155.46,9327.6,0
260821,26321,Owens Corning Sales LLC,             940581668,2076516,1122005,,640,31.12,19916.8,640,31.12,19916.8,0
260824,14141,GOODMAN MFG CO LP (PARTS),                803057,2076382,1124077,,1,337.47,337.47,1,337.47,337.47,0
260824,14141,GOODMAN MFG CO LP (PARTS),                803057,2076382,1124077,,1,127.16,127.16,1,127.16,127.16,0
260824,14141,GOODMAN MFG CO LP (PARTS),                803057,2076382,1124077,P,1,57.56,57.56,1,57.5,57.5,0.06
260824,14141,GOODMAN MFG CO LP (PARTS),                803057,2076382,1124077,,1,62.01,62.01,1,62.01,62.01,0
260824,14141,GOODMAN MFG CO LP (PARTS),                803057,2076382,1124077,,1,6.2,6.2,1,6.2,6.2,0
260824,14141,GOODMAN MFG CO LP (PARTS),                803064,2076385,1124371,P,1,166.24,166.24,1,166.25,166.25,-0.01
260824,14141,GOODMAN MFG CO LP (PARTS),                806433,2076840,1124232,P,1,79.51,79.51,1,79.52,79.52,-0.01
260824,14141,GOODMAN MFG CO LP (PARTS),                806433,2076840,1124232,,1,11.54,11.54,1,11.54,11.54,0
260824,14141,GOODMAN MFG CO LP (PARTS),                806443,2076844,1124180,P,1,97.09,97.09,1,97.08,97.08,0.01
260824,14141,GOODMAN MFG CO LP (PARTS),                806443,2076844,1124180,,1,72.2,72.2,1,72.2,72.2,0
260824,15243,LAMBRO INDUSTRIES,            INV0175674,2078891,1124514,,272,2.53,688.16,272,2.53,688.16,0
260824,15243,LAMBRO INDUSTRIES,            INV0175674,2078891,1124514,,408,2.53,1032.24,408,2.53,1032.24,0
260824,15243,LAMBRO INDUSTRIES,            INV0175674,2078891,1124514,P,72,3.01,216.72,72,3.02,217.44,-0.72
260825,14141,GOODMAN MFG CO LP (PARTS),                803065,2076386,1124375,,1,281.1,281.1,1,281.1,281.1,0
260825,14141,GOODMAN MFG CO LP (PARTS),                803065,2076386,1124375,P,1,17.32,17.32,1,17.31,17.31,0.01
260825,14141,GOODMAN MFG CO LP (PARTS),                803065,2076386,1124375,,1,14.12,14.12,1,14.12,14.12,0
260826,14141,GOODMAN MFG CO LP (PARTS),                803059,2076383,1124163,P,1,0.25,0.25,1,0.2,0.2,0.05
260826,14141,GOODMAN MFG CO LP (PARTS),                803059,2076383,1124163,,1,6.21,6.21,1,6.21,6.21,0
260826,14141,GOODMAN MFG CO LP (PARTS),                803059,2076383,1124163,,1,2.6,2.6,1,2.6,2.6,0
260826,14141,GOODMAN MFG CO LP (PARTS),                803059,2076383,1124163,P,1,2.34,2.34,1,2.08,2.08,0.26
260826,14141,GOODMAN MFG CO LP (PARTS),                815783,2078595,1124788,P,1,5.88,5.88,1,5.33,5.33,0.55
260826,14141,GOODMAN MFG CO LP (PARTS),                817985,2078601,1125078,,1,72.2,72.2,1,72.2,72.2,0
260826,14141,GOODMAN MFG CO LP (PARTS),                817985,2078601,1125078,,1,97.08,97.08,1,97.08,97.08,0
260826,20463,DuraVent Inc,              90991104,2079551,1123512,,1,85.96,85.96,1,85.96,85.96,0
260827,14141,GOODMAN MFG CO LP (PARTS),                815784,2078596,1124844,,1,20.14,20.14,1,20.14,20.14,0
260827,14141,GOODMAN MFG CO LP (PARTS),                815784,2078596,1124844,P,1,352.23,352.23,1,352.22,352.22,0.01
260827,14141,GOODMAN MFG CO LP (PARTS),                815784,2078596,1124844,,1,117.46,117.46,1,117.46,117.46,0
260827,14141,GOODMAN MFG CO LP (PARTS),                815784,2078596,1124844,,1,64.5,64.5,1,64.5,64.5,0
260827,14141,GOODMAN MFG CO LP (PARTS),                815784,2078596,1124844,,1,31.34,31.34,1,31.34,31.34,0
260827,14141,GOODMAN MFG CO LP (PARTS),                815784,2078596,1124844,,1,32.89,32.89,1,32.89,32.89,0
260827,14141,GOODMAN MFG CO LP (PARTS),                815784,2078596,1124844,,1,100.95,100.95,1,100.95,100.95,0
260827,14141,GOODMAN MFG CO LP (PARTS),                815784,2078596,1124844,,1,11.54,11.54,1,11.54,11.54,0
260827,22389,GOODMAN CO LP (PTAC),                825790,2079786,1124709,P,1,1.97,1.97,1,1.76,1.76,0.21
260828,11321,BRAMEC CORPORATION,                746282,2080368,1125477,,48,4.21,202.08,48,4.21,202.08,0
260828,14141,GOODMAN MFG CO LP (PARTS),                819793,2079162,1125493,,1,369.9,369.9,1,369.9,369.9,0
260828,14141,GOODMAN MFG CO LP (PARTS),                819793,2079162,1125493,,1,241.07,241.07,1,241.07,241.07,0
260828,14141,GOODMAN MFG CO LP (PARTS),                823051,2079508,1125225,P,1,12.42,12.42,1,11.5,11.5,0.92
260828,14141,GOODMAN MFG CO LP (PARTS),                828709,2080260,1125592,P,1,98.18,98.18,1,98.19,98.19,-0.01
260831,10223,ATCO Rubber Products Inc,            2612687389,2079550,1125627,,4,108.95,435.8,4,108.95,435.8,0
260831,10223,ATCO Rubber Products Inc,            2612687389,2079550,1125627,,2,121.56,243.12,2,121.56,243.12,0
260831,10631,FLEXIBLE TECHNOLOGIES,               1139485,2079812,1124853,,36,39.437,1419.73,36,39.437,1419.73,0
260831,10631,FLEXIBLE TECHNOLOGIES,               1139485,2079812,1124853,,150,25.164,3774.6,150,25.164,3774.6,0
260831,10631,FLEXIBLE TECHNOLOGIES,               1139485,2079812,1124853,,144,28.961,4170.38,144,28.961,4170.38,0
260831,10631,FLEXIBLE TECHNOLOGIES,               1139485,2079812,1124853,,96,32.364,3106.94,96,32.364,3106.94,0
260831,10631,FLEXIBLE TECHNOLOGIES,               1139485,2079812,1124853,,108,35.537,3838,108,35.537,3838,0
260831,10631,FLEXIBLE TECHNOLOGIES,               1139485,2079812,1124853,,54,43.771,2363.63,54,43.771,2363.63,0
260831,10631,FLEXIBLE TECHNOLOGIES,               1139485,2079812,1124853,,81,53.447,4329.21,81,53.447,4329.21,0
260831,10631,FLEXIBLE TECHNOLOGIES,               1139485,2079812,1124853,,36,65.032,2341.15,36,65.032,2341.15,0
260831,10631,FLEXIBLE TECHNOLOGIES,               1139485,2079812,1124853,,36,76.136,2740.9,36,76.136,2740.9,0
260831,10631,FLEXIBLE TECHNOLOGIES,               1139607,2080318,1123002,,180,29.91,5383.8,180,29.91,5383.8,0
260831,10631,FLEXIBLE TECHNOLOGIES,               1139607,2080318,1123002,,180,38.73,6971.4,180,38.73,6971.4,0
260831,10631,FLEXIBLE TECHNOLOGIES,               1139607,2080318,1123002,,144,46.44,6687.36,144,46.44,6687.36,0
260831,10631,FLEXIBLE TECHNOLOGIES,               1139607,2080318,1123002,,36,57.79,2080.44,36,57.79,2080.44,0
260831,10631,FLEXIBLE TECHNOLOGIES,               1139607,2080318,1123002,,300,39.29,11787,300,39.29,11787,0
260831,10631,FLEXIBLE TECHNOLOGIES,               1139607,2080318,1123002,,240,45.62,10948.8,240,45.62,10948.8,0
260831,10631,FLEXIBLE TECHNOLOGIES,               1139607,2080318,1123002,,144,54.29,7817.76,144,54.29,7817.76,0
260831,10631,FLEXIBLE TECHNOLOGIES,               1139607,2080318,1123002,,81,66.93,5421.33,81,66.93,5421.33,0
260831,10631,FLEXIBLE TECHNOLOGIES,               1139678,2080727,1124854,,225,25.164,5661.9,225,25.164,5661.9,0
260831,10631,FLEXIBLE TECHNOLOGIES,               1139678,2080727,1124854,,96,28.961,2780.26,96,28.961,2780.26,0
260831,10631,FLEXIBLE TECHNOLOGIES,               1139678,2080727,1124854,,144,32.364,4660.42,144,32.364,4660.42,0
260831,10631,FLEXIBLE TECHNOLOGIES,               1139678,2080727,1124854,,72,35.537,2558.66,72,35.537,2558.66,0
260831,10631,FLEXIBLE TECHNOLOGIES,               1139678,2080727,1124854,,81,43.771,3545.45,81,43.771,3545.45,0
260831,10631,FLEXIBLE TECHNOLOGIES,               1139678,2080727,1124854,,9,53.447,481.02,9,53.447,481.02,0
260831,10631,FLEXIBLE TECHNOLOGIES,               1139678,2080727,1124854,,54,65.032,3511.73,54,65.032,3511.73,0
260831,10631,FLEXIBLE TECHNOLOGIES,               1139678,2080727,1124854,,20,76.136,1522.72,20,76.136,1522.72,0
260831,10631,FLEXIBLE TECHNOLOGIES,               1139699,2080728,1121095,,59,75.14,4433.26,59,75.14,4433.26,0
260831,10631,FLEXIBLE TECHNOLOGIES,               1139699,2080728,1121095,,32,44.306,1417.79,32,44.306,1417.79,0
260831,26321,Owens Corning Sales LLC,             940591264,2080480,1119891,,9984,3.1368,31317.81,9984,3.1368,31317.81,0
260831,26321,Owens Corning Sales LLC,             940591265,2080734,1119886,,9984,3.1368,31317.81,9984,3.1368,31317.81,0
260831,26895,Tradewinds Distributing Co LLC,               GY94835,2080598,1126218,,1,100.38,100.38,1,100.38,100.38,0
260831,26895,Tradewinds Distributing Co LLC,               GY94835,2080598,1126218,P,1,0.78,0.78,1,0.01,0.01,0.77
260831,26895,Tradewinds Distributing Co LLC,               GY94835,2080598,1126218,,1,0.57,0.57,1,0.57,0.57,0
260831,26895,Tradewinds Distributing Co LLC,               GY94835,2080598,1126218,P,1,24.1,24.1,1,25.91,25.91,-1.81
260831,26895,Tradewinds Distributing Co LLC,               GY94835,2080598,1126218,,1,38.33,38.33,1,38.33,38.33,0
260902,10631,FLEXIBLE TECHNOLOGIES,               1139837,2081094,1124854,,45,53.447,2405.12,45,53.447,2405.12,0
260902,10631,FLEXIBLE TECHNOLOGIES,               1139837,2081094,1124854,,4,76.136,304.54,4,76.136,304.54,0
260903,14141,GOODMAN MFG CO LP (PARTS),                835932,2081070,1126064,P,1,5.88,5.88,1,5.33,5.33,0.55
260908,26620,C L Ward & Family Inc,                120919,2082271,1126114,,2,29.37,58.74,2,29.37,58.74,0
260908,26620,C L Ward & Family Inc,                120919,2082271,1126114,,4,18.7,74.8,4,18.7,74.8,0
260908,26620,C L Ward & Family Inc,                120919,2082271,1126114,,1,26.7,26.7,1,26.7,26.7,0
260908,26620,C L Ward & Family Inc,                120919,2082271,1126114,,1,29.09,29.09,1,29.09,29.09,0
260908,26620,C L Ward & Family Inc,                120919,2082271,1126114,,1,26.96,26.96,1,26.96,26.96,0
260909,14141,GOODMAN MFG CO LP (PARTS),                838210,2081077,1126319,,1,179.43,179.43,1,179.43,179.43,0
260909,14141,GOODMAN MFG CO LP (PARTS),                838210,2081077,1126319,,1,2.21,2.21,1,2.21,2.21,0
260909,14141,GOODMAN MFG CO LP (PARTS),                838210,2081077,1126319,,1,1.06,1.06,1,1.06,1.06,0
260909,14141,GOODMAN MFG CO LP (PARTS),                838210,2081077,1126319,,1,97.1,97.1,1,97.1,97.1,0
260909,14141,GOODMAN MFG CO LP (PARTS),                838210,2081077,1126319,P,1,15.89,15.89,1,15.9,15.9,-0.01
260909,14141,GOODMAN MFG CO LP (PARTS),                838210,2081077,1126319,,1,142.36,142.36,1,142.36,142.36,0
260909,14141,GOODMAN MFG CO LP (PARTS),                838210,2081077,1126319,,2,17.51,35.02,2,17.51,35.02,0
260909,14141,GOODMAN MFG CO LP (PARTS),                838210,2081077,1126319,,1,14.9,14.9,1,14.9,14.9,0
260909,14141,GOODMAN MFG CO LP (PARTS),                838210,2081077,1126319,,1,9.33,9.33,1,9.33,9.33,0
260909,14141,GOODMAN MFG CO LP (PARTS),                838210,2081077,1126319,,1,41.22,41.22,1,41.22,41.22,0
260909,14141,GOODMAN MFG CO LP (PARTS),                838729,2081781,1126383,P,1,36.42,36.42,1,36.41,36.41,0.01
260909,14141,GOODMAN MFG CO LP (PARTS),                841694,2081801,1126865,P,1,17.32,17.32,1,17.31,17.31,0.01
260910,13411,DURO DYNE CORPORATION,               1379112,2083570,1126393,P,100,1.421,142.1,100,1.42,142,0.1
260910,14141,GOODMAN MFG CO LP (PARTS),                838697,2081777,1122311,P,1,431.7,431.7,1,431.14,431.14,0.56
260910,14141,GOODMAN MFG CO LP (PARTS),                841642,2081789,1115326,,1,3491.52,3491.52,1,3491.52,3491.52,0
260910,14141,GOODMAN MFG CO LP (PARTS),                841642,2081789,1115326,,1,18.99,18.99,1,18.99,18.99,0
260910,14141,GOODMAN MFG CO LP (PARTS),                841642,2081789,1115326,P,1,6.92,6.92,1,6.59,6.59,0.33
260910,14141,GOODMAN MFG CO LP (PARTS),                844566,2082221,1126819,P,1,1.13,1.13,1,1.03,1.03,0.1
260910,14141,GOODMAN MFG CO LP (PARTS),                847294,2082534,1127281,,1,6.64,6.64,1,6.64,6.64,0
260910,14141,GOODMAN MFG CO LP (PARTS),                847294,2082534,1127281,P,1,7.02,7.02,1,6.68,6.68,0.34
260910,14141,GOODMAN MFG CO LP (PARTS),                847294,2082534,1127281,P,1,5.88,5.88,1,5.33,5.33,0.55
260910,14141,GOODMAN MFG CO LP (PARTS),                847295,2082535,1127371,,1,37.63,37.63,1,37.63,37.63,0
260910,14141,GOODMAN MFG CO LP (PARTS),                847295,2082535,1127371,,1,17.31,17.31,1,17.31,17.31,0
260910,14141,GOODMAN MFG CO LP (PARTS),                851299,2083128,1127373,,1,55.01,55.01,1,55.01,55.01,0
260910,14141,GOODMAN MFG CO LP (PARTS),                851299,2083128,1127373,,1,97.24,97.24,1,97.24,97.24,0
260910,14141,GOODMAN MFG CO LP (PARTS),                851299,2083128,1127373,P,1,36.42,36.42,1,36.41,36.41,0.01
260910,14141,GOODMAN MFG CO LP (PARTS),                853751,2083506,1127455,P,1,38.52,38.52,1,38.51,38.51,0.01
260910,14141,GOODMAN MFG CO LP (PARTS),                853757,2083511,1127474,P,1,7.85,7.85,1,6.89,6.89,0.96
260910,29961,JB INDUSTRIES INC,              655065-1,2083773,1127393,,1,199.99,199.99,1,199.99,199.99,0
260911,10631,FLEXIBLE TECHNOLOGIES,               1140014,2083168,1123990,,60,28.2175,1693.05,60,28.2175,1693.05,0
260911,10631,FLEXIBLE TECHNOLOGIES,               1140014,2083168,1123990,,120,34.1083,4093,120,34.1083,4093,0
260911,10631,FLEXIBLE TECHNOLOGIES,               1140014,2083168,1123990,,144,40.8957,5888.98,144,40.8957,5888.98,0
260911,10631,FLEXIBLE TECHNOLOGIES,               1140014,2083168,1123990,,108,50.8943,5496.58,108,50.8943,5496.58,0
260911,10631,FLEXIBLE TECHNOLOGIES,               1140014,2083168,1123990,,300,33.2942,9988.26,300,33.2942,9988.26,0
260911,10631,FLEXIBLE TECHNOLOGIES,               1140014,2083168,1123990,,144,40.1753,5785.24,144,40.1753,5785.24,0
260911,10631,FLEXIBLE TECHNOLOGIES,               1140014,2083168,1123990,,96,47.8107,4589.83,96,47.8107,4589.83,0
260911,10631,FLEXIBLE TECHNOLOGIES,               1140014,2083168,1123990,,81,58.948,4774.79,81,58.948,4774.79,0
260911,10631,FLEXIBLE TECHNOLOGIES,               1140014,2083168,1123990,,27,76.977,2078.38,27,76.977,2078.38,0
260911,10631,FLEXIBLE TECHNOLOGIES,               1140263,2083229,1123990,,120,28.2175,3386.1,120,28.2175,3386.1,0
260911,10631,FLEXIBLE TECHNOLOGIES,               1140263,2083229,1123990,,60,34.1083,2046.5,60,34.1083,2046.5,0
260914,14141,GOODMAN MFG CO LP (PARTS),                856370,2083888,1127228,P,1,156.31,156.31,1,156.3,156.3,0.01
260914,14141,GOODMAN MFG CO LP (PARTS),                856370,2083888,1127228,,1,11.54,11.54,1,11.54,11.54,0
260916,10631,FLEXIBLE TECHNOLOGIES,               1140136,2085330,1125886,,27,48.01,1296.27,27,48.01,1296.27,0
260916,10631,FLEXIBLE TECHNOLOGIES,               1140136,2085330,1125886,,150,25.164,3774.6,150,25.164,3774.6,0
260916,10631,FLEXIBLE TECHNOLOGIES,               1140136,2085330,1125886,,96,28.961,2780.26,96,28.961,2780.26,0
260916,10631,FLEXIBLE TECHNOLOGIES,               1140136,2085330,1125886,,96,32.364,3106.94,96,32.364,3106.94,0
260916,10631,FLEXIBLE TECHNOLOGIES,               1140136,2085330,1125886,,72,35.537,2558.66,72,35.537,2558.66,0
260916,10631,FLEXIBLE TECHNOLOGIES,               1140136,2085330,1125886,,54,53.447,2886.14,54,53.447,2886.14,0
260916,10631,FLEXIBLE TECHNOLOGIES,               1140136,2085330,1125886,,24,76.136,1827.26,24,76.136,1827.26,0
260916,10631,FLEXIBLE TECHNOLOGIES,               1140136,2085330,1125886,,54,65.032,3511.73,54,65.032,3511.73,0
260916,10631,FLEXIBLE TECHNOLOGIES,               1140136,2085330,1125886,,120,17.81,2137.2,120,17.81,2137.2,0
260916,10631,FLEXIBLE TECHNOLOGIES,               1140136,2085330,1125886,,54,43.001,2322.05,54,43.001,2322.05,0
260916,10631,FLEXIBLE TECHNOLOGIES,               1140439,2085333,1125886,,54,43.771,2363.63,54,43.771,2363.63,0
260916,10631,FLEXIBLE TECHNOLOGIES,               1140439,2085333,1125886,,48,32.792,1574.02,48,32.792,1574.02,0
260916,10631,FLEXIBLE TECHNOLOGIES,               1140440,2085335,1125887,P,75,25.164,1887.3,75,25.16,1887,0.3
260916,10631,FLEXIBLE TECHNOLOGIES,               1140440,2085335,1125887,P,48,28.961,1390.13,48,28.96,1390.08,0.05
260916,10631,FLEXIBLE TECHNOLOGIES,               1140440,2085335,1125887,,48,32.364,1553.47,48,32.364,1553.47,0
260916,10631,FLEXIBLE TECHNOLOGIES,               1140440,2085335,1125887,,81,43.771,3545.45,81,43.771,3545.45,0
260916,10631,FLEXIBLE TECHNOLOGIES,               1140440,2085335,1125887,,120,17.81,2137.2,120,17.81,2137.2,0
260916,10631,FLEXIBLE TECHNOLOGIES,               1140440,2085335,1125887,,54,43.001,2322.05,54,43.001,2322.05,0
260916,17361,RESEARCH PRODUCTS CORP,              12237509,2085120,1127495,P,10,119.106,1191.06,10,119.11,1191.1,-0.04
260916,17361,RESEARCH PRODUCTS CORP,              12237509,2085120,1127495,P,2,179.54,359.08,2,180.16,360.32,-1.24
260917,20383,RAM FABRICATIONS LLC,                335295,2083436,1126207,,1,8704,8704,1,8704,8704,0
260918,14141,GOODMAN MFG CO LP (PARTS),                873189,2086166,1128224,,1,221.26,221.26,1,221.26,221.26,0
260918,14141,GOODMAN MFG CO LP (PARTS),                873189,2086166,1128224,,1,34.31,34.31,1,34.31,34.31,0
260921,10631,FLEXIBLE TECHNOLOGIES,               1140742,2085442,1125887,,75,25.1644,1887.33,75,25.1644,1887.33,0
260921,10631,FLEXIBLE TECHNOLOGIES,               1140742,2085442,1125887,,48,28.9613,1390.14,48,28.9613,1390.14,0
260921,10631,FLEXIBLE TECHNOLOGIES,               1140742,2085442,1125887,,72,35.5365,2558.63,72,35.5365,2558.63,0
260921,10631,FLEXIBLE TECHNOLOGIES,               1140742,2085442,1125887,,27,53.4473,1443.08,27,53.4473,1443.08,0
260921,10631,FLEXIBLE TECHNOLOGIES,               1140742,2085442,1125887,,36,65.032,2341.15,36,65.032,2341.15,0
260921,10631,FLEXIBLE TECHNOLOGIES,               1140742,2085442,1125887,,120,17.81,2137.2,120,17.81,2137.2,0
260921,14141,GOODMAN MFG CO LP (PARTS),                873858,2086613,1128369,P,1,3.15,3.15,1,2.58,2.58,0.57
260921,17361,RESEARCH PRODUCTS CORP,              12233891,2086841,1126057,,30,62,1860,30,62,1860,0
260921,17361,RESEARCH PRODUCTS CORP,              12233891,2086841,1126057,,20,62,1240,20,62,1240,0
260921,17361,RESEARCH PRODUCTS CORP,              12233891,2086841,1126057,,48,37.65,1807.2,48,37.65,1807.2,0
260921,17361,RESEARCH PRODUCTS CORP,              12233891,2086841,1126057,,48,34.74,1667.52,48,34.74,1667.52,0
260921,29984,RECTORSEAL,               2412254,2086918,1128643,,1,27.31,27.31,1,27.31,27.31,0
260922,10631,FLEXIBLE TECHNOLOGIES,               1141038,2086785,1127865,,54,81.6,4406.4,54,81.6,4406.4,0
260922,10631,FLEXIBLE TECHNOLOGIES,               1141038,2086785,1127865,,36,92.81,3341.16,36,92.81,3341.16,0
260922,10631,FLEXIBLE TECHNOLOGIES,               1141038,2086785,1127865,,54,66.93,3614.22,54,66.93,3614.22,0
260922,10631,FLEXIBLE TECHNOLOGIES,               1141038,2086785,1127865,,48,50.31,2414.88,48,50.31,2414.88,0
260922,10631,FLEXIBLE TECHNOLOGIES,               1141038,2086785,1127865,,72,54.29,3908.88,72,54.29,3908.88,0
260922,10631,FLEXIBLE TECHNOLOGIES,               1141038,2086785,1127865,,48,45.62,2189.76,48,45.62,2189.76,0
260922,10631,FLEXIBLE TECHNOLOGIES,               1141038,2086785,1127865,,75,39.29,2946.75,75,39.29,2946.75,0
260922,10631,FLEXIBLE TECHNOLOGIES,               1141038,2086785,1127865,,12,111.81,1341.72,12,111.81,1341.72,0
260922,23432,OMEGAFLEX,               1066310,2085496,1127817,P,16,18.46,295.36,16,18.42,294.72,0.64
260924,14141,GOODMAN MFG CO LP (PARTS),                856387,2088598,1127616,,1,156.3,156.3,1,156.3,156.3,0
260924,14141,GOODMAN MFG CO LP (PARTS),                856387,2088598,1127616,,1,11.54,11.54,1,11.54,11.54,0
260924,14141,GOODMAN MFG CO LP (PARTS),                862701,2085068,1127628,P,1,36.42,36.42,1,36.41,36.41,0.01
260924,14141,GOODMAN MFG CO LP (PARTS),                877607,2087239,1128566,P,1,994.75,994.75,1,1044.49,1044.49,-49.74
260924,14141,GOODMAN MFG CO LP (PARTS),                877607,2087239,1128566,,1,7.93,7.93,1,7.93,7.93,0
260924,14141,GOODMAN MFG CO LP (PARTS),                877616,2087241,1128795,P,1,1.82,1.82,1,1.65,1.65,0.17
260924,14141,GOODMAN MFG CO LP (PARTS),                877616,2087241,1128795,,1,6.64,6.64,1,6.64,6.64,0
260924,14141,GOODMAN MFG CO LP (PARTS),                877616,2087241,1128795,,1,17.46,17.46,1,17.46,17.46,0
260924,14141,GOODMAN MFG CO LP (PARTS),                877634,2087248,1128954,P,1,3.4,3.4,1,3.09,3.09,0.31
260924,14141,GOODMAN MFG CO LP (PARTS),                877659,2087249,1129111,,1,221.26,221.26,1,221.26,221.26,0
260924,14141,GOODMAN MFG CO LP (PARTS),                882947,2088350,1129388,,1,221.26,221.26,1,221.26,221.26,0
260924,14141,GOODMAN MFG CO LP (PARTS),                882947,2088350,1129388,,1,528.45,528.45,1,528.45,528.45,0
260928,14141,GOODMAN MFG CO LP (PARTS),                880889,2087865,1129078,P,1,1.22,1.22,1,1.1,1.1,0.12
260928,28279,Neuco,               99393T8,2089129,1129835,,1,232.58,232.58,1,232.58,232.58,0
260930,10631,FLEXIBLE TECHNOLOGIES,               1140743,2090433,1125893,,18,65.032,1170.58,18,65.032,1170.58,0
260930,10631,FLEXIBLE TECHNOLOGIES,               1140743,2090433,1125893,,12,35.537,426.44,12,35.537,426.44,0
260930,10631,FLEXIBLE TECHNOLOGIES,               1140743,2090433,1125893,,81,53.447,4329.21,81,53.447,4329.21,0
260930,10631,FLEXIBLE TECHNOLOGIES,               1140743,2090433,1125893,,24,76.136,1827.26,24,76.136,1827.26,0
260930,10631,FLEXIBLE TECHNOLOGIES,               1140743,2090433,1125893,,48,32.792,1574.02,48,32.792,1574.02,0
260930,10631,FLEXIBLE TECHNOLOGIES,               1140832,2090406,1125893,,27,48.01,1296.27,27,48.01,1296.27,0
260930,10631,FLEXIBLE TECHNOLOGIES,               1141706,2090246,1128162,,180,29.91,5383.8,180,29.91,5383.8,0
260930,10631,FLEXIBLE TECHNOLOGIES,               1141706,2090246,1128162,,180,38.73,6971.4,180,38.73,6971.4,0
260930,10631,FLEXIBLE TECHNOLOGIES,               1141706,2090246,1128162,,192,46.44,8916.48,192,46.44,8916.48,0
260930,10631,FLEXIBLE TECHNOLOGIES,               1141706,2090246,1128162,,36,57.79,2080.44,36,57.79,2080.44,0
260930,10631,FLEXIBLE TECHNOLOGIES,               1141706,2090246,1128162,,225,39.29,8840.25,225,39.29,8840.25,0
260930,10631,FLEXIBLE TECHNOLOGIES,               1141706,2090246,1128162,,96,45.62,4379.52,96,45.62,4379.52,0
260930,10631,FLEXIBLE TECHNOLOGIES,               1141706,2090246,1128162,,288,54.29,15635.52,288,54.29,15635.52,0
260930,10631,FLEXIBLE TECHNOLOGIES,               1141706,2090246,1128162,,81,66.93,5421.33,81,66.93,5421.33,0
261001,10631,FLEXIBLE TECHNOLOGIES,               1140441,2090403,1125893,,18,65.032,1170.58,18,65.032,1170.58,0
261001,10631,FLEXIBLE TECHNOLOGIES,               1140441,2090403,1125893,,150,25.1644,3774.66,150,25.1644,3774.66,0
261001,10631,FLEXIBLE TECHNOLOGIES,               1140441,2090403,1125893,,96,28.9613,2780.28,96,28.9613,2780.28,0
261001,10631,FLEXIBLE TECHNOLOGIES,               1140441,2090403,1125893,,96,32.3639,3106.93,96,32.3639,3106.93,0
261001,10631,FLEXIBLE TECHNOLOGIES,               1140441,2090403,1125893,,60,35.5365,2132.19,60,35.5365,2132.19,0
261001,10631,FLEXIBLE TECHNOLOGIES,               1140441,2090403,1125893,,54,43.7705,2363.61,54,43.7705,2363.61,0
261001,10631,FLEXIBLE TECHNOLOGIES,               1140441,2090403,1125893,,120,17.8101,2137.21,120,17.8101,2137.21,0
261001,10631,FLEXIBLE TECHNOLOGIES,               1140441,2090403,1125893,,54,43.001,2322.05,54,43.001,2322.05,0
261001,26620,C L Ward & Family Inc,                121351,2090643,1129249,P,5,37.638,188.19,5,37.64,188.2,-0.01
